
custom/hello_world.elf:     file format elf32-littleriscv


Disassembly of section .vectors:

00000000 <__vector_start>:
*/

.section .vectors, "ax"
.option norvc
vector_table:
	j sw_irq_handler
   0:	3e00006f          	j	3e0 <sw_irq_handler>
	j __no_irq_handler
   4:	3cc0006f          	j	3d0 <__no_irq_handler>
	j __no_irq_handler
   8:	3c80006f          	j	3d0 <__no_irq_handler>
	j __no_irq_handler
   c:	3c40006f          	j	3d0 <__no_irq_handler>
	j __no_irq_handler
  10:	3c00006f          	j	3d0 <__no_irq_handler>
	j __no_irq_handler
  14:	3bc0006f          	j	3d0 <__no_irq_handler>
	j __no_irq_handler
  18:	3b80006f          	j	3d0 <__no_irq_handler>
	j __no_irq_handler
  1c:	3b40006f          	j	3d0 <__no_irq_handler>
	j __no_irq_handler
  20:	3b00006f          	j	3d0 <__no_irq_handler>
	j __no_irq_handler
  24:	3ac0006f          	j	3d0 <__no_irq_handler>
	j __no_irq_handler
  28:	3a80006f          	j	3d0 <__no_irq_handler>
	j __no_irq_handler
  2c:	3a40006f          	j	3d0 <__no_irq_handler>
	j __no_irq_handler
  30:	3a00006f          	j	3d0 <__no_irq_handler>
	j __no_irq_handler
  34:	39c0006f          	j	3d0 <__no_irq_handler>
	j __no_irq_handler
  38:	3980006f          	j	3d0 <__no_irq_handler>
	j __no_irq_handler
  3c:	3940006f          	j	3d0 <__no_irq_handler>
	j __no_irq_handler
  40:	3900006f          	j	3d0 <__no_irq_handler>
	j __no_irq_handler
  44:	38c0006f          	j	3d0 <__no_irq_handler>
	j __no_irq_handler
  48:	3880006f          	j	3d0 <__no_irq_handler>
	j __no_irq_handler
  4c:	3840006f          	j	3d0 <__no_irq_handler>
	j __no_irq_handler
  50:	3800006f          	j	3d0 <__no_irq_handler>
	j __no_irq_handler
  54:	37c0006f          	j	3d0 <__no_irq_handler>
	j __no_irq_handler
  58:	3780006f          	j	3d0 <__no_irq_handler>
	j __no_irq_handler
  5c:	3740006f          	j	3d0 <__no_irq_handler>
	j __no_irq_handler
  60:	3700006f          	j	3d0 <__no_irq_handler>
	j __no_irq_handler
  64:	36c0006f          	j	3d0 <__no_irq_handler>
	j __no_irq_handler
  68:	3680006f          	j	3d0 <__no_irq_handler>
	j __no_irq_handler
  6c:	3640006f          	j	3d0 <__no_irq_handler>
	j __no_irq_handler
  70:	3600006f          	j	3d0 <__no_irq_handler>
	j __no_irq_handler
  74:	35c0006f          	j	3d0 <__no_irq_handler>
	j __no_irq_handler
  78:	3580006f          	j	3d0 <__no_irq_handler>
	j verification_irq_handler
  7c:	3dc0006f          	j	458 <verification_irq_handler>
	j __no_irq_handler
  80:	3500006f          	j	3d0 <__no_irq_handler>
	j __no_irq_handler
  84:	34c0006f          	j	3d0 <__no_irq_handler>
	j __no_irq_handler
  88:	3480006f          	j	3d0 <__no_irq_handler>
	j __no_irq_handler
  8c:	3440006f          	j	3d0 <__no_irq_handler>
	j __no_irq_handler
  90:	3400006f          	j	3d0 <__no_irq_handler>
	j __no_irq_handler
  94:	33c0006f          	j	3d0 <__no_irq_handler>
	j __no_irq_handler
  98:	3380006f          	j	3d0 <__no_irq_handler>
	j __no_irq_handler
  9c:	3340006f          	j	3d0 <__no_irq_handler>
	j __no_irq_handler
  a0:	3300006f          	j	3d0 <__no_irq_handler>
	j __no_irq_handler
  a4:	32c0006f          	j	3d0 <__no_irq_handler>
	j __no_irq_handler
  a8:	3280006f          	j	3d0 <__no_irq_handler>
	j __no_irq_handler
  ac:	3240006f          	j	3d0 <__no_irq_handler>
	j __no_irq_handler
  b0:	3200006f          	j	3d0 <__no_irq_handler>
	j __no_irq_handler
  b4:	31c0006f          	j	3d0 <__no_irq_handler>
	j __no_irq_handler
  b8:	3180006f          	j	3d0 <__no_irq_handler>
	j __no_irq_handler
  bc:	3140006f          	j	3d0 <__no_irq_handler>
	j __no_irq_handler
  c0:	3100006f          	j	3d0 <__no_irq_handler>
	j __no_irq_handler
  c4:	30c0006f          	j	3d0 <__no_irq_handler>
	j __no_irq_handler
  c8:	3080006f          	j	3d0 <__no_irq_handler>
	j __no_irq_handler
  cc:	3040006f          	j	3d0 <__no_irq_handler>
	j __no_irq_handler
  d0:	3000006f          	j	3d0 <__no_irq_handler>
	j __no_irq_handler
  d4:	2fc0006f          	j	3d0 <__no_irq_handler>
	j __no_irq_handler
  d8:	2f80006f          	j	3d0 <__no_irq_handler>
	j __no_irq_handler
  dc:	2f40006f          	j	3d0 <__no_irq_handler>
	j __no_irq_handler
  e0:	2f00006f          	j	3d0 <__no_irq_handler>
	j __no_irq_handler
  e4:	2ec0006f          	j	3d0 <__no_irq_handler>
	j __no_irq_handler
  e8:	2e80006f          	j	3d0 <__no_irq_handler>
	j __no_irq_handler
  ec:	2e40006f          	j	3d0 <__no_irq_handler>
	j __no_irq_handler
  f0:	2e00006f          	j	3d0 <__no_irq_handler>
	j __no_irq_handler
  f4:	2dc0006f          	j	3d0 <__no_irq_handler>
	j __no_irq_handler
  f8:	2d80006f          	j	3d0 <__no_irq_handler>
	j __no_irq_handler
  fc:	2d40006f          	j	3d0 <__no_irq_handler>

Disassembly of section .init:

00000180 <_start>:

_start:
/* initialize global pointer */
.option push
.option norelax
1:	auipc gp, %pcrel_hi(__global_pointer$)
 180:	00002197          	auipc	gp,0x2
	addi  gp, gp, %pcrel_lo(1b)
 184:	6a018193          	addi	gp,gp,1696 # 2820 <__global_pointer$>
.option pop

/* initialize stack pointer */
	la sp, _sp
 188:	00004117          	auipc	sp,0x4
 18c:	71810113          	addi	sp,sp,1816 # 48a0 <_sp>

/* set vector table address and vectored mode */
	la a0, __vector_start
 190:	00000517          	auipc	a0,0x0
 194:	e7050513          	addi	a0,a0,-400 # 0 <__vector_start>
        ori a0, a0, 0x1
 198:	00156513          	ori	a0,a0,1
	csrw mtvec, a0
 19c:	30551073          	csrw	mtvec,a0

/* clear the bss segment */
	la a0, __bss_start
 1a0:	00002517          	auipc	a0,0x2
 1a4:	6c450513          	addi	a0,a0,1732 # 2864 <_edata>
	la a2, __bss_end
 1a8:	00002617          	auipc	a2,0x2
 1ac:	6f460613          	addi	a2,a2,1780 # 289c <__BSS_END__>
	sub a2, a2, a0
 1b0:	8e09                	sub	a2,a2,a0
	li a1, 0
 1b2:	4581                	li	a1,0
	call memset
 1b4:	2e8d                	jal	526 <memset>

/* new-style constructors and destructors */
	la a0, __libc_fini_array
 1b6:	00000517          	auipc	a0,0x0
 1ba:	2ca50513          	addi	a0,a0,714 # 480 <__libc_fini_array>
	call atexit
 1be:	2c79                	jal	45c <atexit>
	call __libc_init_array
 1c0:	2619                	jal	4c6 <__libc_init_array>

/* call main */
	lw a0, 0(sp)                    /* a0 = argc */
 1c2:	4502                	lw	a0,0(sp)
	addi a1, sp, __SIZEOF_POINTER__ /* a1 = argv */
 1c4:	004c                	addi	a1,sp,4
	li a2, 0                        /* a2 = envp = NULL */
 1c6:	4601                	li	a2,0
	call main
 1c8:	2019                	jal	1ce <main>
	tail exit
 1ca:	ac71                	j	466 <exit>

000001cc <_fini>:
.type   _fini, @function
_init:
_fini:
 /* These don't have to do anything since we use init_array/fini_array. Prevent
    missing symbol error */
	ret
 1cc:	8082                	ret

Disassembly of section .text:

000001ce <main>:
{
#ifdef RANDOM_MEM_STALL
    activate_random_stall();
#endif
    /* write something to stdout */
    printf("hello world!\n");
     1ce:	00002537          	lui	a0,0x2
{
     1d2:	1141                	addi	sp,sp,-16
    printf("hello world!\n");
     1d4:	f3450513          	addi	a0,a0,-204 # 1f34 <_isatty_r+0x2e>
{
     1d8:	c606                	sw	ra,12(sp)
    printf("hello world!\n");
     1da:	2195                	jal	63e <puts>
    return EXIT_SUCCESS;
}
     1dc:	40b2                	lw	ra,12(sp)
     1de:	4501                	li	a0,0
     1e0:	0141                	addi	sp,sp,16
     1e2:	8082                	ret

000001e4 <activate_random_stall>:
* limitations under the License.
*/

// This routine enables random stalls on both I-MEM and D-MEM
void activate_random_stall(void)
{
     1e4:	7139                	addi	sp,sp,-64
  // Address vector for rnd_stall_reg, to control memory stalls/interrupt
  volatile unsigned int *rnd_stall_reg_ptr[16];

  // Setup the address vector
  rnd_stall_reg_ptr[0] = (unsigned int *) 0x16000000;
     1e6:	160007b7          	lui	a5,0x16000
     1ea:	c03e                	sw	a5,0(sp)
  for (int i = 1; i < 16; i++) {
     1ec:	4705                	li	a4,1
     1ee:	878a                	mv	a5,sp
     1f0:	4641                	li	a2,16
    rnd_stall_reg_ptr[i] = rnd_stall_reg_ptr[i-1] + 1; // It is a pointer to int ("+ 1" means "the next int")
     1f2:	4394                	lw	a3,0(a5)
  for (int i = 1; i < 16; i++) {
     1f4:	0705                	addi	a4,a4,1
     1f6:	0791                	addi	a5,a5,4
    rnd_stall_reg_ptr[i] = rnd_stall_reg_ptr[i-1] + 1; // It is a pointer to int ("+ 1" means "the next int")
     1f8:	0691                	addi	a3,a3,4
     1fa:	c394                	sw	a3,0(a5)
  for (int i = 1; i < 16; i++) {
     1fc:	fec71be3          	bne	a4,a2,1f2 <activate_random_stall+0xe>
  }

  /* The interposition of the stall generator between CPU and MEM should happen BEFORE the stall generetor is active */
  // Interpose the stall generator between CPU and D-MEM (rnd_stall_reg[1])
  *rnd_stall_reg_ptr[1] = 0x01;
     200:	4712                	lw	a4,4(sp)
     202:	4785                	li	a5,1
     204:	c31c                	sw	a5,0(a4)
  // Interpose the stall generator between CPU and I-MEM (rnd_stall_reg[0])
  *rnd_stall_reg_ptr[0] = 0x01;
     206:	4702                	lw	a4,0(sp)
     208:	c31c                	sw	a5,0(a4)

  // DATA MEMORY
  // Set max n. stalls on both GNT and VALID for RANDOM mode (rnd_stall_reg[5])
  *rnd_stall_reg_ptr[5] = 0x0a;
     20a:	4752                	lw	a4,20(sp)
     20c:	47a9                	li	a5,10
     20e:	c31c                	sw	a5,0(a4)
  // Set n. stalls on  GNT (rnd_stall_reg[7])
  *rnd_stall_reg_ptr[7] = 0x00;
     210:	4772                	lw	a4,28(sp)
     212:	00072023          	sw	zero,0(a4)
  // Set n. stalls on VALID (rnd_stall_reg[9])
  *rnd_stall_reg_ptr[9] = 0x00;
     216:	5712                	lw	a4,36(sp)
     218:	00072023          	sw	zero,0(a4)

  // INSTRUCTION MEMORY
  // Set max n. stalls on both GNT and VALID for RANDOM mode (rnd_stall_reg[4])
  *rnd_stall_reg_ptr[4] = 0x0a;
     21c:	4742                	lw	a4,16(sp)
     21e:	c31c                	sw	a5,0(a4)
  // Set n. stalls on  GNT (rnd_stall_reg[6])
  *rnd_stall_reg_ptr[6] = 0x00;
     220:	47e2                	lw	a5,24(sp)
  // Set n. stalls on VALID (rnd_stall_reg[8])
  *rnd_stall_reg_ptr[8] = 0x00;

  /* Activating stalls on D and I Mem has to be done as last operation. Do not change the order. */
  // Set stall mode on D-MEM (off=0, standard=1, random=2) (rnd_stall_reg[3])
  *rnd_stall_reg_ptr[3] = 0x02;
     222:	4732                	lw	a4,12(sp)
  *rnd_stall_reg_ptr[6] = 0x00;
     224:	0007a023          	sw	zero,0(a5) # 16000000 <_sp+0x15ffb760>
  *rnd_stall_reg_ptr[8] = 0x00;
     228:	5782                	lw	a5,32(sp)
     22a:	0007a023          	sw	zero,0(a5)
  *rnd_stall_reg_ptr[3] = 0x02;
     22e:	4789                	li	a5,2
     230:	c31c                	sw	a5,0(a4)
  // Set stall mode on I-MEM (off=0, standard=1, random=2) (rnd_stall_reg[2])
  *rnd_stall_reg_ptr[2] = 0x02;
     232:	4722                	lw	a4,8(sp)
     234:	c31c                	sw	a5,0(a4)
}
     236:	6121                	addi	sp,sp,64
     238:	8082                	ret

0000023a <unimplemented_syscall>:
#    define _isatty isatty
#endif

void unimplemented_syscall()
{
    const char *p = "Unimplemented system call called!\n";
     23a:	000027b7          	lui	a5,0x2
     23e:	f4478793          	addi	a5,a5,-188 # 1f44 <_isatty_r+0x3e>
    while (*p)
        *(volatile int *)STDOUT_REG = *(p++);
     242:	100006b7          	lui	a3,0x10000
    while (*p)
     246:	0007c703          	lbu	a4,0(a5)
     24a:	e311                	bnez	a4,24e <unimplemented_syscall+0x14>
}
     24c:	8082                	ret
        *(volatile int *)STDOUT_REG = *(p++);
     24e:	0785                	addi	a5,a5,1
     250:	c298                	sw	a4,0(a3)
     252:	bfd5                	j	246 <unimplemented_syscall+0xc>

00000254 <nanosleep>:

int nanosleep(const struct timespec *rqtp, struct timespec *rmtp)
{
    errno = ENOSYS;
     254:	05800713          	li	a4,88
     258:	06e1ac23          	sw	a4,120(gp) # 2898 <errno>
    return -1;
}
     25c:	557d                	li	a0,-1
     25e:	8082                	ret

00000260 <_access>:

int _access(const char *file, int mode)
{
    errno = ENOSYS;
     260:	05800713          	li	a4,88
     264:	06e1ac23          	sw	a4,120(gp) # 2898 <errno>
    return -1;
}
     268:	557d                	li	a0,-1
     26a:	8082                	ret

0000026c <_chdir>:

int _chdir(const char *path)
{
    errno = ENOSYS;
     26c:	05800713          	li	a4,88
     270:	06e1ac23          	sw	a4,120(gp) # 2898 <errno>
    return -1;
}
     274:	557d                	li	a0,-1
     276:	8082                	ret

00000278 <_chmod>:

int _chmod(const char *path, mode_t mode)
{
    errno = ENOSYS;
     278:	05800713          	li	a4,88
     27c:	06e1ac23          	sw	a4,120(gp) # 2898 <errno>
    return -1;
}
     280:	557d                	li	a0,-1
     282:	8082                	ret

00000284 <_chown>:

int _chown(const char *path, uid_t owner, gid_t group)
{
    errno = ENOSYS;
     284:	05800713          	li	a4,88
     288:	06e1ac23          	sw	a4,120(gp) # 2898 <errno>
    return -1;
}
     28c:	557d                	li	a0,-1
     28e:	8082                	ret

00000290 <close>:

int _close(int file)
{
    return -1;
}
     290:	557d                	li	a0,-1
     292:	8082                	ret

00000294 <_execve>:

int _execve(const char *name, char *const argv[], char *const env[])
{
    errno = ENOMEM;
     294:	4731                	li	a4,12
     296:	06e1ac23          	sw	a4,120(gp) # 2898 <errno>
    return -1;
}
     29a:	557d                	li	a0,-1
     29c:	8082                	ret

0000029e <_exit>:

void _exit(int exit_status)
{
    *(volatile int *)EXIT_REG = exit_status;
     29e:	200007b7          	lui	a5,0x20000
     2a2:	c3c8                	sw	a0,4(a5)
    asm volatile("wfi");
     2a4:	10500073          	wfi
}
     2a8:	8082                	ret

000002aa <_faccessat>:

int _faccessat(int dirfd, const char *file, int mode, int flags)
{
    errno = ENOSYS;
     2aa:	05800713          	li	a4,88
     2ae:	06e1ac23          	sw	a4,120(gp) # 2898 <errno>
    return -1;
}
     2b2:	557d                	li	a0,-1
     2b4:	8082                	ret

000002b6 <_fork>:

int _fork(void)
{
    errno = EAGAIN;
     2b6:	472d                	li	a4,11
     2b8:	06e1ac23          	sw	a4,120(gp) # 2898 <errno>
    return -1;
}
     2bc:	557d                	li	a0,-1
     2be:	8082                	ret

000002c0 <fstat>:

int _fstat(int file, struct stat *st)
{
    st->st_mode = S_IFCHR;
     2c0:	6789                	lui	a5,0x2
     2c2:	c1dc                	sw	a5,4(a1)
    return 0;
    // errno = -ENOSYS;
    // return -1;
}
     2c4:	4501                	li	a0,0
     2c6:	8082                	ret

000002c8 <_fstatat>:

int _fstatat(int dirfd, const char *file, struct stat *st, int flags)
{
    errno = ENOSYS;
     2c8:	05800713          	li	a4,88
     2cc:	06e1ac23          	sw	a4,120(gp) # 2898 <errno>
    return -1;
}
     2d0:	557d                	li	a0,-1
     2d2:	8082                	ret

000002d4 <_ftime>:
     2d4:	05800713          	li	a4,88
     2d8:	06e1ac23          	sw	a4,120(gp) # 2898 <errno>
     2dc:	557d                	li	a0,-1
     2de:	8082                	ret

000002e0 <_getcwd>:
    return -1;
}

char *_getcwd(char *buf, size_t size)
{
    errno = -ENOSYS;
     2e0:	fa800713          	li	a4,-88
     2e4:	06e1ac23          	sw	a4,120(gp) # 2898 <errno>
    return NULL;
}
     2e8:	4501                	li	a0,0
     2ea:	8082                	ret

000002ec <_getpid>:

int _getpid()
{
    return 1;
}
     2ec:	4505                	li	a0,1
     2ee:	8082                	ret

000002f0 <_gettimeofday>:

int _gettimeofday(struct timeval *tp, void *tzp)
{
    errno = -ENOSYS;
     2f0:	fa800713          	li	a4,-88
     2f4:	06e1ac23          	sw	a4,120(gp) # 2898 <errno>
    return -1;
}
     2f8:	557d                	li	a0,-1
     2fa:	8082                	ret

000002fc <isatty>:

int _isatty(int file)
{
    return (file == STDOUT_FILENO);
     2fc:	157d                	addi	a0,a0,-1
}
     2fe:	00153513          	seqz	a0,a0
     302:	8082                	ret

00000304 <_kill>:

int _kill(int pid, int sig)
{
    errno = EINVAL;
     304:	4759                	li	a4,22
     306:	06e1ac23          	sw	a4,120(gp) # 2898 <errno>
    return -1;
}
     30a:	557d                	li	a0,-1
     30c:	8082                	ret

0000030e <_link>:

int _link(const char *old_name, const char *new_name)
{
    errno = EMLINK;
     30e:	477d                	li	a4,31
     310:	06e1ac23          	sw	a4,120(gp) # 2898 <errno>
    return -1;
}
     314:	557d                	li	a0,-1
     316:	8082                	ret

00000318 <lseek>:

off_t _lseek(int file, off_t ptr, int dir)
{
    return 0;
}
     318:	4501                	li	a0,0
     31a:	8082                	ret

0000031c <_lstat>:
     31c:	05800713          	li	a4,88
     320:	06e1ac23          	sw	a4,120(gp) # 2898 <errno>
     324:	557d                	li	a0,-1
     326:	8082                	ret

00000328 <_open>:
}

int _open(const char *name, int flags, int mode)
{
    return -1;
}
     328:	557d                	li	a0,-1
     32a:	8082                	ret

0000032c <_openat>:
     32c:	05800713          	li	a4,88
     330:	06e1ac23          	sw	a4,120(gp) # 2898 <errno>
     334:	557d                	li	a0,-1
     336:	8082                	ret

00000338 <read>:
}

ssize_t _read(int file, void *ptr, size_t len)
{
    return 0;
}
     338:	4501                	li	a0,0
     33a:	8082                	ret

0000033c <_stat>:

int _stat(const char *file, struct stat *st)
{
    st->st_mode = S_IFCHR;
     33c:	6789                	lui	a5,0x2
     33e:	c1dc                	sw	a5,4(a1)
    return 0;
    // errno = ENOSYS;
    // return -1;
}
     340:	4501                	li	a0,0
     342:	8082                	ret

00000344 <_sysconf>:

long _sysconf(int name)
{

    return -1;
}
     344:	557d                	li	a0,-1
     346:	8082                	ret

00000348 <_times>:

clock_t _times(struct tms *buf)
{
    return -1;
}
     348:	557d                	li	a0,-1
     34a:	8082                	ret

0000034c <_unlink>:

int _unlink(const char *name)
{
    errno = ENOENT;
     34c:	4709                	li	a4,2
     34e:	06e1ac23          	sw	a4,120(gp) # 2898 <errno>
    return -1;
}
     352:	557d                	li	a0,-1
     354:	8082                	ret

00000356 <_utime>:
     356:	05800713          	li	a4,88
     35a:	06e1ac23          	sw	a4,120(gp) # 2898 <errno>
     35e:	557d                	li	a0,-1
     360:	8082                	ret

00000362 <_wait>:
    return -1;
}

int _wait(int *status)
{
    errno = ECHILD;
     362:	4729                	li	a4,10
     364:	06e1ac23          	sw	a4,120(gp) # 2898 <errno>
    return -1;
}
     368:	557d                	li	a0,-1
     36a:	8082                	ret

0000036c <write>:

ssize_t _write(int file, const void *ptr, size_t len)
{
    if (file != STDOUT_FILENO) {
     36c:	4685                	li	a3,1
        errno = ENOSYS;
        return -1;
    }

    const void *eptr = ptr + len;
     36e:	00c587b3          	add	a5,a1,a2
    while (ptr != eptr)
        *(volatile int *)STDOUT_REG = *(char *)(ptr++);
     372:	10000737          	lui	a4,0x10000
    if (file != STDOUT_FILENO) {
     376:	00d50c63          	beq	a0,a3,38e <write+0x22>
        errno = ENOSYS;
     37a:	05800713          	li	a4,88
     37e:	06e1ac23          	sw	a4,120(gp) # 2898 <errno>
        return -1;
     382:	557d                	li	a0,-1
     384:	8082                	ret
        *(volatile int *)STDOUT_REG = *(char *)(ptr++);
     386:	0585                	addi	a1,a1,1
     388:	fff5c683          	lbu	a3,-1(a1)
     38c:	c314                	sw	a3,0(a4)
    while (ptr != eptr)
     38e:	fef59ce3          	bne	a1,a5,386 <write+0x1a>
    return len;
     392:	8532                	mv	a0,a2
}
     394:	8082                	ret

00000396 <_brk>:
extern char __heap_end[];
static char *brk = __heap_start;

int _brk(void *addr)
{
    brk = addr;
     396:	02a1a823          	sw	a0,48(gp) # 2850 <__SDATA_BEGIN__>
    return 0;
}
     39a:	4501                	li	a0,0
     39c:	8082                	ret

0000039e <sbrk>:

void *_sbrk(ptrdiff_t incr)
{
    char *old_brk = brk;

    if (__heap_start == __heap_end) {
     39e:	6791                	lui	a5,0x4
     3a0:	07c18593          	addi	a1,gp,124 # 289c <__BSS_END__>
     3a4:	89c78793          	addi	a5,a5,-1892 # 389c <__heap_end>
    char *old_brk = brk;
     3a8:	0301a603          	lw	a2,48(gp) # 2850 <__SDATA_BEGIN__>
    if (__heap_start == __heap_end) {
     3ac:	02f58063          	beq	a1,a5,3cc <sbrk+0x2e>
        return NULL;
    }

    if ((brk += incr) < __heap_end) {
     3b0:	00a60733          	add	a4,a2,a0
     3b4:	02e1a823          	sw	a4,48(gp) # 2850 <__SDATA_BEGIN__>
     3b8:	00f77763          	bleu	a5,a4,3c6 <sbrk+0x28>
        brk += incr;
     3bc:	972a                	add	a4,a4,a0
     3be:	02e1a823          	sw	a4,48(gp) # 2850 <__SDATA_BEGIN__>
    } else {
        brk = __heap_end;
    }
    return old_brk;
}
     3c2:	8532                	mv	a0,a2
     3c4:	8082                	ret
        brk = __heap_end;
     3c6:	02f1a823          	sw	a5,48(gp) # 2850 <__SDATA_BEGIN__>
     3ca:	bfe5                	j	3c2 <sbrk+0x24>
        return NULL;
     3cc:	4601                	li	a2,0
     3ce:	bfd5                	j	3c2 <sbrk+0x24>

000003d0 <__no_irq_handler>:
/*	j __no_irq_handler */

.section .text.vecs
/* exception handling */
__no_irq_handler:
	la a0, no_exception_handler_msg
     3d0:	00002517          	auipc	a0,0x2
     3d4:	c2c50513          	addi	a0,a0,-980 # 1ffc <no_exception_handler_msg>
	jal ra, puts
     3d8:	266000ef          	jal	ra,63e <puts>
	j __no_irq_handler
     3dc:	ff5ff06f          	j	3d0 <__no_irq_handler>

000003e0 <sw_irq_handler>:


sw_irq_handler:
	csrr t0, mcause
     3e0:	342022f3          	csrr	t0,mcause
	slli t0, t0, 1  /* shift off the high bit */
     3e4:	00129293          	slli	t0,t0,0x1
	srli t0, t0, 1
     3e8:	0012d293          	srli	t0,t0,0x1
	li t1, 2
     3ec:	00200313          	li	t1,2
	beq t0, t1, handle_illegal_insn
     3f0:	02628c63          	beq	t0,t1,428 <handle_illegal_insn>
	li t1, 11
     3f4:	00b00313          	li	t1,11
	beq t0, t1, handle_ecall
     3f8:	00628863          	beq	t0,t1,408 <handle_ecall>
	li t1, 3
     3fc:	00300313          	li	t1,3
	beq t0, t1, handle_ebreak
     400:	00628c63          	beq	t0,t1,418 <handle_ebreak>
	j handle_unknown
     404:	0340006f          	j	438 <handle_unknown>

00000408 <handle_ecall>:

handle_ecall:
	la a0, ecall_msg
     408:	00002517          	auipc	a0,0x2
     40c:	b8e50513          	addi	a0,a0,-1138 # 1f96 <ecall_msg>
	jal ra, puts
     410:	22e000ef          	jal	ra,63e <puts>
	j end_handler
     414:	0340006f          	j	448 <end_handler>

00000418 <handle_ebreak>:

handle_ebreak:
	la a0, ebreak_msg
     418:	00002517          	auipc	a0,0x2
     41c:	b9f50513          	addi	a0,a0,-1121 # 1fb7 <ebreak_msg>
	jal ra, puts
     420:	21e000ef          	jal	ra,63e <puts>
	j end_handler
     424:	0240006f          	j	448 <end_handler>

00000428 <handle_illegal_insn>:

handle_illegal_insn:
	la a0, illegal_insn_msg
     428:	00002517          	auipc	a0,0x2
     42c:	b3f50513          	addi	a0,a0,-1217 # 1f67 <illegal_insn_msg>
	jal ra, puts
     430:	20e000ef          	jal	ra,63e <puts>
	j end_handler
     434:	0140006f          	j	448 <end_handler>

00000438 <handle_unknown>:

handle_unknown:
	la a0, unknown_msg
     438:	00002517          	auipc	a0,0x2
     43c:	ba150513          	addi	a0,a0,-1119 # 1fd9 <unknown_msg>
	jal ra, puts
     440:	1fe000ef          	jal	ra,63e <puts>
	j end_handler
     444:	0040006f          	j	448 <end_handler>

00000448 <end_handler>:

end_handler:
	csrr a0, mepc
     448:	34102573          	csrr	a0,mepc
	addi a0, a0, 4
     44c:	00450513          	addi	a0,a0,4
	csrw mepc, a0
     450:	34151073          	csrw	mepc,a0
	mret
     454:	30200073          	mret

00000458 <verification_irq_handler>:
/* this interrupt can be generated for verification purposes, random or when the PC is equal to a given value*/
verification_irq_handler:
	mret
     458:	30200073          	mret

0000045c <atexit>:
     45c:	85aa                	mv	a1,a0
     45e:	4681                	li	a3,0
     460:	4601                	li	a2,0
     462:	4501                	li	a0,0
     464:	a47d                	j	712 <__register_exitproc>

00000466 <exit>:
     466:	1141                	addi	sp,sp,-16
     468:	4581                	li	a1,0
     46a:	c422                	sw	s0,8(sp)
     46c:	c606                	sw	ra,12(sp)
     46e:	842a                	mv	s0,a0
     470:	2609                	jal	772 <__call_exitprocs>
     472:	0341a503          	lw	a0,52(gp) # 2854 <_global_impure_ptr>
     476:	5d5c                	lw	a5,60(a0)
     478:	c391                	beqz	a5,47c <exit+0x16>
     47a:	9782                	jalr	a5
     47c:	8522                	mv	a0,s0
     47e:	3505                	jal	29e <_exit>

00000480 <__libc_fini_array>:
     480:	1101                	addi	sp,sp,-32
     482:	6789                	lui	a5,0x2
     484:	6709                	lui	a4,0x2
     486:	cc22                	sw	s0,24(sp)
     488:	02070713          	addi	a4,a4,32 # 2020 <__DATA_BEGIN__>
     48c:	02078413          	addi	s0,a5,32 # 2020 <__DATA_BEGIN__>
     490:	8c19                	sub	s0,s0,a4
     492:	ca26                	sw	s1,20(sp)
     494:	c84a                	sw	s2,16(sp)
     496:	c64e                	sw	s3,12(sp)
     498:	ce06                	sw	ra,28(sp)
     49a:	8409                	srai	s0,s0,0x2
     49c:	4481                	li	s1,0
     49e:	02078913          	addi	s2,a5,32
     4a2:	59f1                	li	s3,-4
     4a4:	00941963          	bne	s0,s1,4b6 <__libc_fini_array+0x36>
     4a8:	4462                	lw	s0,24(sp)
     4aa:	40f2                	lw	ra,28(sp)
     4ac:	44d2                	lw	s1,20(sp)
     4ae:	4942                	lw	s2,16(sp)
     4b0:	49b2                	lw	s3,12(sp)
     4b2:	6105                	addi	sp,sp,32
     4b4:	bb21                	j	1cc <_fini>
     4b6:	033487b3          	mul	a5,s1,s3
     4ba:	0485                	addi	s1,s1,1
     4bc:	97ca                	add	a5,a5,s2
     4be:	ffc7a783          	lw	a5,-4(a5)
     4c2:	9782                	jalr	a5
     4c4:	b7c5                	j	4a4 <__libc_fini_array+0x24>

000004c6 <__libc_init_array>:
     4c6:	1141                	addi	sp,sp,-16
     4c8:	c422                	sw	s0,8(sp)
     4ca:	c226                	sw	s1,4(sp)
     4cc:	6409                	lui	s0,0x2
     4ce:	6489                	lui	s1,0x2
     4d0:	02048793          	addi	a5,s1,32 # 2020 <__DATA_BEGIN__>
     4d4:	02040413          	addi	s0,s0,32 # 2020 <__DATA_BEGIN__>
     4d8:	8c1d                	sub	s0,s0,a5
     4da:	c04a                	sw	s2,0(sp)
     4dc:	c606                	sw	ra,12(sp)
     4de:	8409                	srai	s0,s0,0x2
     4e0:	02048493          	addi	s1,s1,32
     4e4:	4901                	li	s2,0
     4e6:	02891663          	bne	s2,s0,512 <__libc_init_array+0x4c>
     4ea:	6489                	lui	s1,0x2
     4ec:	31c5                	jal	1cc <_fini>
     4ee:	6409                	lui	s0,0x2
     4f0:	02048793          	addi	a5,s1,32 # 2020 <__DATA_BEGIN__>
     4f4:	02040413          	addi	s0,s0,32 # 2020 <__DATA_BEGIN__>
     4f8:	8c1d                	sub	s0,s0,a5
     4fa:	8409                	srai	s0,s0,0x2
     4fc:	02048493          	addi	s1,s1,32
     500:	4901                	li	s2,0
     502:	00891d63          	bne	s2,s0,51c <__libc_init_array+0x56>
     506:	40b2                	lw	ra,12(sp)
     508:	4422                	lw	s0,8(sp)
     50a:	4492                	lw	s1,4(sp)
     50c:	4902                	lw	s2,0(sp)
     50e:	0141                	addi	sp,sp,16
     510:	8082                	ret
     512:	409c                	lw	a5,0(s1)
     514:	0905                	addi	s2,s2,1
     516:	0491                	addi	s1,s1,4
     518:	9782                	jalr	a5
     51a:	b7f1                	j	4e6 <__libc_init_array+0x20>
     51c:	409c                	lw	a5,0(s1)
     51e:	0905                	addi	s2,s2,1
     520:	0491                	addi	s1,s1,4
     522:	9782                	jalr	a5
     524:	bff9                	j	502 <__libc_init_array+0x3c>

00000526 <memset>:
     526:	483d                	li	a6,15
     528:	872a                	mv	a4,a0
     52a:	02c87363          	bleu	a2,a6,550 <memset+0x2a>
     52e:	00f77793          	andi	a5,a4,15
     532:	efbd                	bnez	a5,5b0 <memset+0x8a>
     534:	e5ad                	bnez	a1,59e <memset+0x78>
     536:	ff067693          	andi	a3,a2,-16
     53a:	8a3d                	andi	a2,a2,15
     53c:	96ba                	add	a3,a3,a4
     53e:	c30c                	sw	a1,0(a4)
     540:	c34c                	sw	a1,4(a4)
     542:	c70c                	sw	a1,8(a4)
     544:	c74c                	sw	a1,12(a4)
     546:	0741                	addi	a4,a4,16
     548:	fed76be3          	bltu	a4,a3,53e <memset+0x18>
     54c:	e211                	bnez	a2,550 <memset+0x2a>
     54e:	8082                	ret
     550:	40c806b3          	sub	a3,a6,a2
     554:	068a                	slli	a3,a3,0x2
     556:	00000297          	auipc	t0,0x0
     55a:	9696                	add	a3,a3,t0
     55c:	00a68067          	jr	10(a3) # 1000000a <_sp+0xfffb76a>
     560:	00b70723          	sb	a1,14(a4)
     564:	00b706a3          	sb	a1,13(a4)
     568:	00b70623          	sb	a1,12(a4)
     56c:	00b705a3          	sb	a1,11(a4)
     570:	00b70523          	sb	a1,10(a4)
     574:	00b704a3          	sb	a1,9(a4)
     578:	00b70423          	sb	a1,8(a4)
     57c:	00b703a3          	sb	a1,7(a4)
     580:	00b70323          	sb	a1,6(a4)
     584:	00b702a3          	sb	a1,5(a4)
     588:	00b70223          	sb	a1,4(a4)
     58c:	00b701a3          	sb	a1,3(a4)
     590:	00b70123          	sb	a1,2(a4)
     594:	00b700a3          	sb	a1,1(a4)
     598:	00b70023          	sb	a1,0(a4)
     59c:	8082                	ret
     59e:	0ff5f593          	andi	a1,a1,255
     5a2:	00859693          	slli	a3,a1,0x8
     5a6:	8dd5                	or	a1,a1,a3
     5a8:	01059693          	slli	a3,a1,0x10
     5ac:	8dd5                	or	a1,a1,a3
     5ae:	b761                	j	536 <memset+0x10>
     5b0:	00279693          	slli	a3,a5,0x2
     5b4:	00000297          	auipc	t0,0x0
     5b8:	9696                	add	a3,a3,t0
     5ba:	8286                	mv	t0,ra
     5bc:	fa8680e7          	jalr	-88(a3)
     5c0:	8096                	mv	ra,t0
     5c2:	17c1                	addi	a5,a5,-16
     5c4:	8f1d                	sub	a4,a4,a5
     5c6:	963e                	add	a2,a2,a5
     5c8:	f8c874e3          	bleu	a2,a6,550 <memset+0x2a>
     5cc:	b7a5                	j	534 <memset+0xe>

000005ce <_puts_r>:
     5ce:	7139                	addi	sp,sp,-64
     5d0:	dc22                	sw	s0,56(sp)
     5d2:	842a                	mv	s0,a0
     5d4:	852e                	mv	a0,a1
     5d6:	c62e                	sw	a1,12(sp)
     5d8:	de06                	sw	ra,60(sp)
     5da:	221d                	jal	700 <strlen>
     5dc:	000027b7          	lui	a5,0x2
     5e0:	01c78793          	addi	a5,a5,28 # 201c <no_exception_handler_msg+0x20>
     5e4:	d43e                	sw	a5,40(sp)
     5e6:	4785                	li	a5,1
     5e8:	d63e                	sw	a5,44(sp)
     5ea:	101c                	addi	a5,sp,32
     5ec:	45b2                	lw	a1,12(sp)
     5ee:	ca3e                	sw	a5,20(sp)
     5f0:	4789                	li	a5,2
     5f2:	cc3e                	sw	a5,24(sp)
     5f4:	5c1c                	lw	a5,56(s0)
     5f6:	d22a                	sw	a0,36(sp)
     5f8:	0505                	addi	a0,a0,1
     5fa:	d02e                	sw	a1,32(sp)
     5fc:	ce2a                	sw	a0,28(sp)
     5fe:	440c                	lw	a1,8(s0)
     600:	e789                	bnez	a5,60a <_puts_r+0x3c>
     602:	8522                	mv	a0,s0
     604:	c62e                	sw	a1,12(sp)
     606:	2cf9                	jal	8e4 <__sinit>
     608:	45b2                	lw	a1,12(sp)
     60a:	00c59783          	lh	a5,12(a1)
     60e:	01279713          	slli	a4,a5,0x12
     612:	00074b63          	bltz	a4,628 <_puts_r+0x5a>
     616:	6689                	lui	a3,0x2
     618:	51f8                	lw	a4,100(a1)
     61a:	8fd5                	or	a5,a5,a3
     61c:	00f59623          	sh	a5,12(a1)
     620:	77f9                	lui	a5,0xffffe
     622:	17fd                	addi	a5,a5,-1
     624:	8ff9                	and	a5,a5,a4
     626:	d1fc                	sw	a5,100(a1)
     628:	0850                	addi	a2,sp,20
     62a:	8522                	mv	a0,s0
     62c:	2d21                	jal	c44 <__sfvwrite_r>
     62e:	57fd                	li	a5,-1
     630:	e111                	bnez	a0,634 <_puts_r+0x66>
     632:	47a9                	li	a5,10
     634:	50f2                	lw	ra,60(sp)
     636:	5462                	lw	s0,56(sp)
     638:	853e                	mv	a0,a5
     63a:	6121                	addi	sp,sp,64
     63c:	8082                	ret

0000063e <puts>:
     63e:	85aa                	mv	a1,a0
     640:	0381a503          	lw	a0,56(gp) # 2858 <_impure_ptr>
     644:	b769                	j	5ce <_puts_r>

00000646 <cleanup_glue>:
     646:	1141                	addi	sp,sp,-16
     648:	c422                	sw	s0,8(sp)
     64a:	842e                	mv	s0,a1
     64c:	418c                	lw	a1,0(a1)
     64e:	c226                	sw	s1,4(sp)
     650:	c606                	sw	ra,12(sp)
     652:	84aa                	mv	s1,a0
     654:	c191                	beqz	a1,658 <cleanup_glue+0x12>
     656:	3fc5                	jal	646 <cleanup_glue>
     658:	85a2                	mv	a1,s0
     65a:	4422                	lw	s0,8(sp)
     65c:	40b2                	lw	ra,12(sp)
     65e:	8526                	mv	a0,s1
     660:	4492                	lw	s1,4(sp)
     662:	0141                	addi	sp,sp,16
     664:	a189                	j	aa6 <_free_r>

00000666 <_reclaim_reent>:
     666:	0381a783          	lw	a5,56(gp) # 2858 <_impure_ptr>
     66a:	08a78a63          	beq	a5,a0,6fe <_reclaim_reent+0x98>
     66e:	457c                	lw	a5,76(a0)
     670:	1101                	addi	sp,sp,-32
     672:	cc22                	sw	s0,24(sp)
     674:	ca26                	sw	s1,20(sp)
     676:	c84a                	sw	s2,16(sp)
     678:	ce06                	sw	ra,28(sp)
     67a:	c64e                	sw	s3,12(sp)
     67c:	842a                	mv	s0,a0
     67e:	4481                	li	s1,0
     680:	08000913          	li	s2,128
     684:	e795                	bnez	a5,6b0 <_reclaim_reent+0x4a>
     686:	402c                	lw	a1,64(s0)
     688:	c199                	beqz	a1,68e <_reclaim_reent+0x28>
     68a:	8522                	mv	a0,s0
     68c:	2929                	jal	aa6 <_free_r>
     68e:	14842583          	lw	a1,328(s0)
     692:	c99d                	beqz	a1,6c8 <_reclaim_reent+0x62>
     694:	14c40493          	addi	s1,s0,332
     698:	02958863          	beq	a1,s1,6c8 <_reclaim_reent+0x62>
     69c:	0005a903          	lw	s2,0(a1)
     6a0:	8522                	mv	a0,s0
     6a2:	2111                	jal	aa6 <_free_r>
     6a4:	85ca                	mv	a1,s2
     6a6:	bfcd                	j	698 <_reclaim_reent+0x32>
     6a8:	95a6                	add	a1,a1,s1
     6aa:	418c                	lw	a1,0(a1)
     6ac:	e981                	bnez	a1,6bc <_reclaim_reent+0x56>
     6ae:	0491                	addi	s1,s1,4
     6b0:	446c                	lw	a1,76(s0)
     6b2:	ff249be3          	bne	s1,s2,6a8 <_reclaim_reent+0x42>
     6b6:	8522                	mv	a0,s0
     6b8:	26fd                	jal	aa6 <_free_r>
     6ba:	b7f1                	j	686 <_reclaim_reent+0x20>
     6bc:	0005a983          	lw	s3,0(a1)
     6c0:	8522                	mv	a0,s0
     6c2:	26d5                	jal	aa6 <_free_r>
     6c4:	85ce                	mv	a1,s3
     6c6:	b7dd                	j	6ac <_reclaim_reent+0x46>
     6c8:	486c                	lw	a1,84(s0)
     6ca:	c199                	beqz	a1,6d0 <_reclaim_reent+0x6a>
     6cc:	8522                	mv	a0,s0
     6ce:	2ee1                	jal	aa6 <_free_r>
     6d0:	5c1c                	lw	a5,56(s0)
     6d2:	cf99                	beqz	a5,6f0 <_reclaim_reent+0x8a>
     6d4:	5c5c                	lw	a5,60(s0)
     6d6:	8522                	mv	a0,s0
     6d8:	9782                	jalr	a5
     6da:	2e042583          	lw	a1,736(s0)
     6de:	c989                	beqz	a1,6f0 <_reclaim_reent+0x8a>
     6e0:	8522                	mv	a0,s0
     6e2:	4462                	lw	s0,24(sp)
     6e4:	40f2                	lw	ra,28(sp)
     6e6:	44d2                	lw	s1,20(sp)
     6e8:	4942                	lw	s2,16(sp)
     6ea:	49b2                	lw	s3,12(sp)
     6ec:	6105                	addi	sp,sp,32
     6ee:	bfa1                	j	646 <cleanup_glue>
     6f0:	40f2                	lw	ra,28(sp)
     6f2:	4462                	lw	s0,24(sp)
     6f4:	44d2                	lw	s1,20(sp)
     6f6:	4942                	lw	s2,16(sp)
     6f8:	49b2                	lw	s3,12(sp)
     6fa:	6105                	addi	sp,sp,32
     6fc:	8082                	ret
     6fe:	8082                	ret

00000700 <strlen>:
     700:	87aa                	mv	a5,a0
     702:	0785                	addi	a5,a5,1
     704:	fff7c703          	lbu	a4,-1(a5) # ffffdfff <pulp__FC+0xffffe000>
     708:	ff6d                	bnez	a4,702 <strlen+0x2>
     70a:	40a78533          	sub	a0,a5,a0
     70e:	157d                	addi	a0,a0,-1
     710:	8082                	ret

00000712 <__register_exitproc>:
     712:	0341a703          	lw	a4,52(gp) # 2854 <_global_impure_ptr>
     716:	832a                	mv	t1,a0
     718:	14872783          	lw	a5,328(a4)
     71c:	e789                	bnez	a5,726 <__register_exitproc+0x14>
     71e:	14c70793          	addi	a5,a4,332
     722:	14f72423          	sw	a5,328(a4)
     726:	43d8                	lw	a4,4(a5)
     728:	487d                	li	a6,31
     72a:	557d                	li	a0,-1
     72c:	04e84263          	blt	a6,a4,770 <__register_exitproc+0x5e>
     730:	00271893          	slli	a7,a4,0x2
     734:	02030963          	beqz	t1,766 <__register_exitproc+0x54>
     738:	01178533          	add	a0,a5,a7
     73c:	08c52423          	sw	a2,136(a0)
     740:	1887a803          	lw	a6,392(a5)
     744:	4605                	li	a2,1
     746:	00e61633          	sll	a2,a2,a4
     74a:	00c86833          	or	a6,a6,a2
     74e:	1907a423          	sw	a6,392(a5)
     752:	10d52423          	sw	a3,264(a0)
     756:	4689                	li	a3,2
     758:	00d31763          	bne	t1,a3,766 <__register_exitproc+0x54>
     75c:	18c7a683          	lw	a3,396(a5)
     760:	8e55                	or	a2,a2,a3
     762:	18c7a623          	sw	a2,396(a5)
     766:	0705                	addi	a4,a4,1
     768:	c3d8                	sw	a4,4(a5)
     76a:	97c6                	add	a5,a5,a7
     76c:	c78c                	sw	a1,8(a5)
     76e:	4501                	li	a0,0
     770:	8082                	ret

00000772 <__call_exitprocs>:
     772:	7179                	addi	sp,sp,-48
     774:	ce4e                	sw	s3,28(sp)
     776:	0341a983          	lw	s3,52(gp) # 2854 <_global_impure_ptr>
     77a:	cc52                	sw	s4,24(sp)
     77c:	ca56                	sw	s5,20(sp)
     77e:	c85a                	sw	s6,16(sp)
     780:	d606                	sw	ra,44(sp)
     782:	d422                	sw	s0,40(sp)
     784:	d226                	sw	s1,36(sp)
     786:	d04a                	sw	s2,32(sp)
     788:	c65e                	sw	s7,12(sp)
     78a:	8aaa                	mv	s5,a0
     78c:	8a2e                	mv	s4,a1
     78e:	4b05                	li	s6,1
     790:	1489a483          	lw	s1,328(s3)
     794:	c881                	beqz	s1,7a4 <__call_exitprocs+0x32>
     796:	40c0                	lw	s0,4(s1)
     798:	fff40913          	addi	s2,s0,-1
     79c:	040a                	slli	s0,s0,0x2
     79e:	9426                	add	s0,s0,s1
     7a0:	00095d63          	bgez	s2,7ba <__call_exitprocs+0x48>
     7a4:	50b2                	lw	ra,44(sp)
     7a6:	5422                	lw	s0,40(sp)
     7a8:	5492                	lw	s1,36(sp)
     7aa:	5902                	lw	s2,32(sp)
     7ac:	49f2                	lw	s3,28(sp)
     7ae:	4a62                	lw	s4,24(sp)
     7b0:	4ad2                	lw	s5,20(sp)
     7b2:	4b42                	lw	s6,16(sp)
     7b4:	4bb2                	lw	s7,12(sp)
     7b6:	6145                	addi	sp,sp,48
     7b8:	8082                	ret
     7ba:	000a0963          	beqz	s4,7cc <__call_exitprocs+0x5a>
     7be:	10442783          	lw	a5,260(s0)
     7c2:	01478563          	beq	a5,s4,7cc <__call_exitprocs+0x5a>
     7c6:	197d                	addi	s2,s2,-1
     7c8:	1471                	addi	s0,s0,-4
     7ca:	bfd9                	j	7a0 <__call_exitprocs+0x2e>
     7cc:	40d8                	lw	a4,4(s1)
     7ce:	405c                	lw	a5,4(s0)
     7d0:	177d                	addi	a4,a4,-1
     7d2:	03271663          	bne	a4,s2,7fe <__call_exitprocs+0x8c>
     7d6:	0124a223          	sw	s2,4(s1)
     7da:	d7f5                	beqz	a5,7c6 <__call_exitprocs+0x54>
     7dc:	1884a683          	lw	a3,392(s1)
     7e0:	012b1733          	sll	a4,s6,s2
     7e4:	0044ab83          	lw	s7,4(s1)
     7e8:	8ef9                	and	a3,a3,a4
     7ea:	ee89                	bnez	a3,804 <__call_exitprocs+0x92>
     7ec:	9782                	jalr	a5
     7ee:	40d8                	lw	a4,4(s1)
     7f0:	1489a783          	lw	a5,328(s3)
     7f4:	f9771ee3          	bne	a4,s7,790 <__call_exitprocs+0x1e>
     7f8:	fcf487e3          	beq	s1,a5,7c6 <__call_exitprocs+0x54>
     7fc:	bf51                	j	790 <__call_exitprocs+0x1e>
     7fe:	00042223          	sw	zero,4(s0)
     802:	bfe1                	j	7da <__call_exitprocs+0x68>
     804:	18c4a683          	lw	a3,396(s1)
     808:	08442583          	lw	a1,132(s0)
     80c:	8f75                	and	a4,a4,a3
     80e:	e701                	bnez	a4,816 <__call_exitprocs+0xa4>
     810:	8556                	mv	a0,s5
     812:	9782                	jalr	a5
     814:	bfe9                	j	7ee <__call_exitprocs+0x7c>
     816:	852e                	mv	a0,a1
     818:	9782                	jalr	a5
     81a:	bfd1                	j	7ee <__call_exitprocs+0x7c>

0000081c <__fp_lock>:
     81c:	4501                	li	a0,0
     81e:	8082                	ret

00000820 <_cleanup_r>:
     820:	000025b7          	lui	a1,0x2
     824:	b3c58593          	addi	a1,a1,-1220 # 1b3c <_fclose_r>
     828:	7560006f          	j	f7e <_fwalk_reent>

0000082c <std.isra.0>:
     82c:	1141                	addi	sp,sp,-16
     82e:	c422                	sw	s0,8(sp)
     830:	c606                	sw	ra,12(sp)
     832:	842a                	mv	s0,a0
     834:	00b51623          	sh	a1,12(a0)
     838:	00c51723          	sh	a2,14(a0)
     83c:	00052023          	sw	zero,0(a0)
     840:	00052223          	sw	zero,4(a0)
     844:	00052423          	sw	zero,8(a0)
     848:	06052223          	sw	zero,100(a0)
     84c:	00052823          	sw	zero,16(a0)
     850:	00052a23          	sw	zero,20(a0)
     854:	00052c23          	sw	zero,24(a0)
     858:	4621                	li	a2,8
     85a:	4581                	li	a1,0
     85c:	05c50513          	addi	a0,a0,92
     860:	31d9                	jal	526 <memset>
     862:	000027b7          	lui	a5,0x2
     866:	94a78793          	addi	a5,a5,-1718 # 194a <__sread>
     86a:	d01c                	sw	a5,32(s0)
     86c:	000027b7          	lui	a5,0x2
     870:	97e78793          	addi	a5,a5,-1666 # 197e <__swrite>
     874:	d05c                	sw	a5,36(s0)
     876:	000027b7          	lui	a5,0x2
     87a:	9cc78793          	addi	a5,a5,-1588 # 19cc <__sseek>
     87e:	d41c                	sw	a5,40(s0)
     880:	000027b7          	lui	a5,0x2
     884:	a0278793          	addi	a5,a5,-1534 # 1a02 <__sclose>
     888:	cc40                	sw	s0,28(s0)
     88a:	d45c                	sw	a5,44(s0)
     88c:	40b2                	lw	ra,12(sp)
     88e:	4422                	lw	s0,8(sp)
     890:	0141                	addi	sp,sp,16
     892:	8082                	ret

00000894 <__fp_unlock>:
     894:	4501                	li	a0,0
     896:	8082                	ret

00000898 <__sfmoreglue>:
     898:	1141                	addi	sp,sp,-16
     89a:	c226                	sw	s1,4(sp)
     89c:	06800613          	li	a2,104
     8a0:	fff58493          	addi	s1,a1,-1
     8a4:	02c484b3          	mul	s1,s1,a2
     8a8:	c04a                	sw	s2,0(sp)
     8aa:	892e                	mv	s2,a1
     8ac:	c422                	sw	s0,8(sp)
     8ae:	c606                	sw	ra,12(sp)
     8b0:	07448593          	addi	a1,s1,116
     8b4:	736000ef          	jal	ra,fea <_malloc_r>
     8b8:	842a                	mv	s0,a0
     8ba:	c919                	beqz	a0,8d0 <__sfmoreglue+0x38>
     8bc:	00052023          	sw	zero,0(a0)
     8c0:	01252223          	sw	s2,4(a0)
     8c4:	0531                	addi	a0,a0,12
     8c6:	c408                	sw	a0,8(s0)
     8c8:	06848613          	addi	a2,s1,104
     8cc:	4581                	li	a1,0
     8ce:	39a1                	jal	526 <memset>
     8d0:	8522                	mv	a0,s0
     8d2:	40b2                	lw	ra,12(sp)
     8d4:	4422                	lw	s0,8(sp)
     8d6:	4492                	lw	s1,4(sp)
     8d8:	4902                	lw	s2,0(sp)
     8da:	0141                	addi	sp,sp,16
     8dc:	8082                	ret

000008de <_cleanup>:
     8de:	0341a503          	lw	a0,52(gp) # 2854 <_global_impure_ptr>
     8e2:	bf3d                	j	820 <_cleanup_r>

000008e4 <__sinit>:
     8e4:	5d1c                	lw	a5,56(a0)
     8e6:	e7a9                	bnez	a5,930 <__sinit+0x4c>
     8e8:	1141                	addi	sp,sp,-16
     8ea:	000017b7          	lui	a5,0x1
     8ee:	c606                	sw	ra,12(sp)
     8f0:	c422                	sw	s0,8(sp)
     8f2:	82078793          	addi	a5,a5,-2016 # 820 <_cleanup_r>
     8f6:	dd5c                	sw	a5,60(a0)
     8f8:	478d                	li	a5,3
     8fa:	2ef52223          	sw	a5,740(a0)
     8fe:	2ec50793          	addi	a5,a0,748
     902:	842a                	mv	s0,a0
     904:	2ef52423          	sw	a5,744(a0)
     908:	2e052023          	sw	zero,736(a0)
     90c:	4148                	lw	a0,4(a0)
     90e:	4601                	li	a2,0
     910:	4591                	li	a1,4
     912:	3f29                	jal	82c <std.isra.0>
     914:	4408                	lw	a0,8(s0)
     916:	4605                	li	a2,1
     918:	45a5                	li	a1,9
     91a:	3f09                	jal	82c <std.isra.0>
     91c:	4448                	lw	a0,12(s0)
     91e:	4609                	li	a2,2
     920:	45c9                	li	a1,18
     922:	3729                	jal	82c <std.isra.0>
     924:	4785                	li	a5,1
     926:	dc1c                	sw	a5,56(s0)
     928:	40b2                	lw	ra,12(sp)
     92a:	4422                	lw	s0,8(sp)
     92c:	0141                	addi	sp,sp,16
     92e:	8082                	ret
     930:	8082                	ret

00000932 <__sfp>:
     932:	1141                	addi	sp,sp,-16
     934:	c226                	sw	s1,4(sp)
     936:	0341a483          	lw	s1,52(gp) # 2854 <_global_impure_ptr>
     93a:	c04a                	sw	s2,0(sp)
     93c:	c606                	sw	ra,12(sp)
     93e:	5c9c                	lw	a5,56(s1)
     940:	c422                	sw	s0,8(sp)
     942:	892a                	mv	s2,a0
     944:	e399                	bnez	a5,94a <__sfp+0x18>
     946:	8526                	mv	a0,s1
     948:	3f71                	jal	8e4 <__sinit>
     94a:	2e048493          	addi	s1,s1,736
     94e:	4480                	lw	s0,8(s1)
     950:	40dc                	lw	a5,4(s1)
     952:	17fd                	addi	a5,a5,-1
     954:	0007d663          	bgez	a5,960 <__sfp+0x2e>
     958:	409c                	lw	a5,0(s1)
     95a:	cb89                	beqz	a5,96c <__sfp+0x3a>
     95c:	4084                	lw	s1,0(s1)
     95e:	bfc5                	j	94e <__sfp+0x1c>
     960:	00c41703          	lh	a4,12(s0)
     964:	c705                	beqz	a4,98c <__sfp+0x5a>
     966:	06840413          	addi	s0,s0,104
     96a:	b7e5                	j	952 <__sfp+0x20>
     96c:	4591                	li	a1,4
     96e:	854a                	mv	a0,s2
     970:	3725                	jal	898 <__sfmoreglue>
     972:	c088                	sw	a0,0(s1)
     974:	f565                	bnez	a0,95c <__sfp+0x2a>
     976:	47b1                	li	a5,12
     978:	00f92023          	sw	a5,0(s2)
     97c:	4401                	li	s0,0
     97e:	8522                	mv	a0,s0
     980:	40b2                	lw	ra,12(sp)
     982:	4422                	lw	s0,8(sp)
     984:	4492                	lw	s1,4(sp)
     986:	4902                	lw	s2,0(sp)
     988:	0141                	addi	sp,sp,16
     98a:	8082                	ret
     98c:	77c1                	lui	a5,0xffff0
     98e:	0785                	addi	a5,a5,1
     990:	06042223          	sw	zero,100(s0)
     994:	00042023          	sw	zero,0(s0)
     998:	00042223          	sw	zero,4(s0)
     99c:	00042423          	sw	zero,8(s0)
     9a0:	c45c                	sw	a5,12(s0)
     9a2:	00042823          	sw	zero,16(s0)
     9a6:	00042a23          	sw	zero,20(s0)
     9aa:	00042c23          	sw	zero,24(s0)
     9ae:	4621                	li	a2,8
     9b0:	4581                	li	a1,0
     9b2:	05c40513          	addi	a0,s0,92
     9b6:	3e85                	jal	526 <memset>
     9b8:	02042823          	sw	zero,48(s0)
     9bc:	02042a23          	sw	zero,52(s0)
     9c0:	04042223          	sw	zero,68(s0)
     9c4:	04042423          	sw	zero,72(s0)
     9c8:	bf5d                	j	97e <__sfp+0x4c>

000009ca <__sfp_lock_acquire>:
     9ca:	8082                	ret

000009cc <__sfp_lock_release>:
     9cc:	8082                	ret

000009ce <__sinit_lock_acquire>:
     9ce:	8082                	ret

000009d0 <__sinit_lock_release>:
     9d0:	8082                	ret

000009d2 <__fp_lock_all>:
     9d2:	0381a503          	lw	a0,56(gp) # 2858 <_impure_ptr>
     9d6:	000015b7          	lui	a1,0x1
     9da:	81c58593          	addi	a1,a1,-2020 # 81c <__fp_lock>
     9de:	ab3d                	j	f1c <_fwalk>

000009e0 <__fp_unlock_all>:
     9e0:	0381a503          	lw	a0,56(gp) # 2858 <_impure_ptr>
     9e4:	000015b7          	lui	a1,0x1
     9e8:	89458593          	addi	a1,a1,-1900 # 894 <__fp_unlock>
     9ec:	ab05                	j	f1c <_fwalk>

000009ee <_malloc_trim_r>:
     9ee:	7179                	addi	sp,sp,-48
     9f0:	d04a                	sw	s2,32(sp)
     9f2:	d422                	sw	s0,40(sp)
     9f4:	d226                	sw	s1,36(sp)
     9f6:	ce4e                	sw	s3,28(sp)
     9f8:	c62e                	sw	a1,12(sp)
     9fa:	d606                	sw	ra,44(sp)
     9fc:	89aa                	mv	s3,a0
     9fe:	c2818913          	addi	s2,gp,-984 # 2448 <__malloc_av_>
     a02:	38b000ef          	jal	ra,158c <__malloc_lock>
     a06:	00892783          	lw	a5,8(s2)
     a0a:	45b2                	lw	a1,12(sp)
     a0c:	43c4                	lw	s1,4(a5)
     a0e:	6785                	lui	a5,0x1
     a10:	fef78413          	addi	s0,a5,-17 # fef <_malloc_r+0x5>
     a14:	98f1                	andi	s1,s1,-4
     a16:	8c0d                	sub	s0,s0,a1
     a18:	9426                	add	s0,s0,s1
     a1a:	8031                	srli	s0,s0,0xc
     a1c:	147d                	addi	s0,s0,-1
     a1e:	0432                	slli	s0,s0,0xc
     a20:	00f45d63          	ble	a5,s0,a3a <_malloc_trim_r+0x4c>
     a24:	854e                	mv	a0,s3
     a26:	369000ef          	jal	ra,158e <__malloc_unlock>
     a2a:	4501                	li	a0,0
     a2c:	50b2                	lw	ra,44(sp)
     a2e:	5422                	lw	s0,40(sp)
     a30:	5492                	lw	s1,36(sp)
     a32:	5902                	lw	s2,32(sp)
     a34:	49f2                	lw	s3,28(sp)
     a36:	6145                	addi	sp,sp,48
     a38:	8082                	ret
     a3a:	4581                	li	a1,0
     a3c:	854e                	mv	a0,s3
     a3e:	6e1000ef          	jal	ra,191e <_sbrk_r>
     a42:	00892783          	lw	a5,8(s2)
     a46:	97a6                	add	a5,a5,s1
     a48:	fcf51ee3          	bne	a0,a5,a24 <_malloc_trim_r+0x36>
     a4c:	408005b3          	neg	a1,s0
     a50:	854e                	mv	a0,s3
     a52:	6cd000ef          	jal	ra,191e <_sbrk_r>
     a56:	57fd                	li	a5,-1
     a58:	02f51663          	bne	a0,a5,a84 <_malloc_trim_r+0x96>
     a5c:	4581                	li	a1,0
     a5e:	854e                	mv	a0,s3
     a60:	6bf000ef          	jal	ra,191e <_sbrk_r>
     a64:	00892703          	lw	a4,8(s2)
     a68:	46bd                	li	a3,15
     a6a:	40e507b3          	sub	a5,a0,a4
     a6e:	faf6dbe3          	ble	a5,a3,a24 <_malloc_trim_r+0x36>
     a72:	03c1a683          	lw	a3,60(gp) # 285c <__malloc_sbrk_base>
     a76:	0017e793          	ori	a5,a5,1
     a7a:	c35c                	sw	a5,4(a4)
     a7c:	8d15                	sub	a0,a0,a3
     a7e:	04a1a823          	sw	a0,80(gp) # 2870 <__malloc_current_mallinfo>
     a82:	b74d                	j	a24 <_malloc_trim_r+0x36>
     a84:	00892783          	lw	a5,8(s2)
     a88:	8c81                	sub	s1,s1,s0
     a8a:	0014e493          	ori	s1,s1,1
     a8e:	c3c4                	sw	s1,4(a5)
     a90:	0501a783          	lw	a5,80(gp) # 2870 <__malloc_current_mallinfo>
     a94:	854e                	mv	a0,s3
     a96:	40878433          	sub	s0,a5,s0
     a9a:	0481a823          	sw	s0,80(gp) # 2870 <__malloc_current_mallinfo>
     a9e:	2f1000ef          	jal	ra,158e <__malloc_unlock>
     aa2:	4505                	li	a0,1
     aa4:	b761                	j	a2c <_malloc_trim_r+0x3e>

00000aa6 <_free_r>:
     aa6:	18058e63          	beqz	a1,c42 <_free_r+0x19c>
     aaa:	1141                	addi	sp,sp,-16
     aac:	c422                	sw	s0,8(sp)
     aae:	c226                	sw	s1,4(sp)
     ab0:	842a                	mv	s0,a0
     ab2:	84ae                	mv	s1,a1
     ab4:	c606                	sw	ra,12(sp)
     ab6:	2d7000ef          	jal	ra,158c <__malloc_lock>
     aba:	ffc4a503          	lw	a0,-4(s1)
     abe:	ff848693          	addi	a3,s1,-8
     ac2:	ffe57793          	andi	a5,a0,-2
     ac6:	c2818813          	addi	a6,gp,-984 # 2448 <__malloc_av_>
     aca:	00f685b3          	add	a1,a3,a5
     ace:	41d8                	lw	a4,4(a1)
     ad0:	00882803          	lw	a6,8(a6)
     ad4:	c2818613          	addi	a2,gp,-984 # 2448 <__malloc_av_>
     ad8:	9b71                	andi	a4,a4,-4
     ada:	8905                	andi	a0,a0,1
     adc:	02b81f63          	bne	a6,a1,b1a <_free_r+0x74>
     ae0:	97ba                	add	a5,a5,a4
     ae2:	e909                	bnez	a0,af4 <_free_r+0x4e>
     ae4:	ff84a703          	lw	a4,-8(s1)
     ae8:	8e99                	sub	a3,a3,a4
     aea:	468c                	lw	a1,8(a3)
     aec:	97ba                	add	a5,a5,a4
     aee:	46d8                	lw	a4,12(a3)
     af0:	c5d8                	sw	a4,12(a1)
     af2:	c70c                	sw	a1,8(a4)
     af4:	0017e713          	ori	a4,a5,1
     af8:	c2d8                	sw	a4,4(a3)
     afa:	0401a703          	lw	a4,64(gp) # 2860 <__malloc_trim_threshold>
     afe:	c614                	sw	a3,8(a2)
     b00:	00e7e663          	bltu	a5,a4,b0c <_free_r+0x66>
     b04:	04c1a583          	lw	a1,76(gp) # 286c <__malloc_top_pad>
     b08:	8522                	mv	a0,s0
     b0a:	35d5                	jal	9ee <_malloc_trim_r>
     b0c:	8522                	mv	a0,s0
     b0e:	4422                	lw	s0,8(sp)
     b10:	40b2                	lw	ra,12(sp)
     b12:	4492                	lw	s1,4(sp)
     b14:	0141                	addi	sp,sp,16
     b16:	2790006f          	j	158e <__malloc_unlock>
     b1a:	c1d8                	sw	a4,4(a1)
     b1c:	4801                	li	a6,0
     b1e:	e105                	bnez	a0,b3e <_free_r+0x98>
     b20:	ff84a503          	lw	a0,-8(s1)
     b24:	c3018893          	addi	a7,gp,-976 # 2450 <__malloc_av_+0x8>
     b28:	8e89                	sub	a3,a3,a0
     b2a:	97aa                	add	a5,a5,a0
     b2c:	4688                	lw	a0,8(a3)
     b2e:	07150a63          	beq	a0,a7,ba2 <_free_r+0xfc>
     b32:	00c6a883          	lw	a7,12(a3) # 200c <no_exception_handler_msg+0x10>
     b36:	01152623          	sw	a7,12(a0)
     b3a:	00a8a423          	sw	a0,8(a7)
     b3e:	00e58533          	add	a0,a1,a4
     b42:	4148                	lw	a0,4(a0)
     b44:	8905                	andi	a0,a0,1
     b46:	ed11                	bnez	a0,b62 <_free_r+0xbc>
     b48:	97ba                	add	a5,a5,a4
     b4a:	4598                	lw	a4,8(a1)
     b4c:	04081d63          	bnez	a6,ba6 <_free_r+0x100>
     b50:	c3018513          	addi	a0,gp,-976 # 2450 <__malloc_av_+0x8>
     b54:	04a71963          	bne	a4,a0,ba6 <_free_r+0x100>
     b58:	ca54                	sw	a3,20(a2)
     b5a:	ca14                	sw	a3,16(a2)
     b5c:	c6d8                	sw	a4,12(a3)
     b5e:	c698                	sw	a4,8(a3)
     b60:	4805                	li	a6,1
     b62:	0017e713          	ori	a4,a5,1
     b66:	c2d8                	sw	a4,4(a3)
     b68:	00f68733          	add	a4,a3,a5
     b6c:	c31c                	sw	a5,0(a4)
     b6e:	f8081fe3          	bnez	a6,b0c <_free_r+0x66>
     b72:	1ff00713          	li	a4,511
     b76:	02f76c63          	bltu	a4,a5,bae <_free_r+0x108>
     b7a:	838d                	srli	a5,a5,0x3
     b7c:	4027d593          	srai	a1,a5,0x2
     b80:	4705                	li	a4,1
     b82:	00b71733          	sll	a4,a4,a1
     b86:	424c                	lw	a1,4(a2)
     b88:	0785                	addi	a5,a5,1
     b8a:	078e                	slli	a5,a5,0x3
     b8c:	97b2                	add	a5,a5,a2
     b8e:	8f4d                	or	a4,a4,a1
     b90:	c258                	sw	a4,4(a2)
     b92:	4398                	lw	a4,0(a5)
     b94:	ff878613          	addi	a2,a5,-8
     b98:	c6d0                	sw	a2,12(a3)
     b9a:	c698                	sw	a4,8(a3)
     b9c:	c394                	sw	a3,0(a5)
     b9e:	c754                	sw	a3,12(a4)
     ba0:	b7b5                	j	b0c <_free_r+0x66>
     ba2:	4805                	li	a6,1
     ba4:	bf69                	j	b3e <_free_r+0x98>
     ba6:	45cc                	lw	a1,12(a1)
     ba8:	c74c                	sw	a1,12(a4)
     baa:	c598                	sw	a4,8(a1)
     bac:	bf5d                	j	b62 <_free_r+0xbc>
     bae:	0097d593          	srli	a1,a5,0x9
     bb2:	4711                	li	a4,4
     bb4:	02b76b63          	bltu	a4,a1,bea <_free_r+0x144>
     bb8:	0067d713          	srli	a4,a5,0x6
     bbc:	03870713          	addi	a4,a4,56
     bc0:	00170593          	addi	a1,a4,1
     bc4:	058e                	slli	a1,a1,0x3
     bc6:	95b2                	add	a1,a1,a2
     bc8:	ff858513          	addi	a0,a1,-8
     bcc:	418c                	lw	a1,0(a1)
     bce:	06b51463          	bne	a0,a1,c36 <_free_r+0x190>
     bd2:	4785                	li	a5,1
     bd4:	8709                	srai	a4,a4,0x2
     bd6:	00e79733          	sll	a4,a5,a4
     bda:	425c                	lw	a5,4(a2)
     bdc:	8f5d                	or	a4,a4,a5
     bde:	c258                	sw	a4,4(a2)
     be0:	c6c8                	sw	a0,12(a3)
     be2:	c68c                	sw	a1,8(a3)
     be4:	c514                	sw	a3,8(a0)
     be6:	c5d4                	sw	a3,12(a1)
     be8:	b715                	j	b0c <_free_r+0x66>
     bea:	4751                	li	a4,20
     bec:	00b76563          	bltu	a4,a1,bf6 <_free_r+0x150>
     bf0:	05b58713          	addi	a4,a1,91
     bf4:	b7f1                	j	bc0 <_free_r+0x11a>
     bf6:	05400713          	li	a4,84
     bfa:	00b76763          	bltu	a4,a1,c08 <_free_r+0x162>
     bfe:	00c7d713          	srli	a4,a5,0xc
     c02:	06e70713          	addi	a4,a4,110
     c06:	bf6d                	j	bc0 <_free_r+0x11a>
     c08:	15400713          	li	a4,340
     c0c:	00b76763          	bltu	a4,a1,c1a <_free_r+0x174>
     c10:	00f7d713          	srli	a4,a5,0xf
     c14:	07770713          	addi	a4,a4,119
     c18:	b765                	j	bc0 <_free_r+0x11a>
     c1a:	55400513          	li	a0,1364
     c1e:	07e00713          	li	a4,126
     c22:	f8b56fe3          	bltu	a0,a1,bc0 <_free_r+0x11a>
     c26:	0127d713          	srli	a4,a5,0x12
     c2a:	07c70713          	addi	a4,a4,124
     c2e:	bf49                	j	bc0 <_free_r+0x11a>
     c30:	458c                	lw	a1,8(a1)
     c32:	00b50663          	beq	a0,a1,c3e <_free_r+0x198>
     c36:	41d8                	lw	a4,4(a1)
     c38:	9b71                	andi	a4,a4,-4
     c3a:	fee7ebe3          	bltu	a5,a4,c30 <_free_r+0x18a>
     c3e:	45c8                	lw	a0,12(a1)
     c40:	b745                	j	be0 <_free_r+0x13a>
     c42:	8082                	ret

00000c44 <__sfvwrite_r>:
     c44:	461c                	lw	a5,8(a2)
     c46:	e781                	bnez	a5,c4e <__sfvwrite_r+0xa>
     c48:	4781                	li	a5,0
     c4a:	853e                	mv	a0,a5
     c4c:	8082                	ret
     c4e:	00c5d783          	lhu	a5,12(a1)
     c52:	715d                	addi	sp,sp,-80
     c54:	c4a2                	sw	s0,72(sp)
     c56:	c0ca                	sw	s2,64(sp)
     c58:	da56                	sw	s5,52(sp)
     c5a:	c686                	sw	ra,76(sp)
     c5c:	c2a6                	sw	s1,68(sp)
     c5e:	de4e                	sw	s3,60(sp)
     c60:	dc52                	sw	s4,56(sp)
     c62:	d85a                	sw	s6,48(sp)
     c64:	d65e                	sw	s7,44(sp)
     c66:	d462                	sw	s8,40(sp)
     c68:	d266                	sw	s9,36(sp)
     c6a:	d06a                	sw	s10,32(sp)
     c6c:	ce6e                	sw	s11,28(sp)
     c6e:	8ba1                	andi	a5,a5,8
     c70:	8ab2                	mv	s5,a2
     c72:	842e                	mv	s0,a1
     c74:	892a                	mv	s2,a0
     c76:	cfd9                	beqz	a5,d14 <__sfvwrite_r+0xd0>
     c78:	499c                	lw	a5,16(a1)
     c7a:	cfc9                	beqz	a5,d14 <__sfvwrite_r+0xd0>
     c7c:	00c45783          	lhu	a5,12(s0)
     c80:	000aaa03          	lw	s4,0(s5)
     c84:	0027f713          	andi	a4,a5,2
     c88:	0e071863          	bnez	a4,d78 <__sfvwrite_r+0x134>
     c8c:	8b85                	andi	a5,a5,1
     c8e:	16078063          	beqz	a5,dee <__sfvwrite_r+0x1aa>
     c92:	4b81                	li	s7,0
     c94:	4501                	li	a0,0
     c96:	4b01                	li	s6,0
     c98:	4981                	li	s3,0
     c9a:	24098363          	beqz	s3,ee0 <__sfvwrite_r+0x29c>
     c9e:	ed01                	bnez	a0,cb6 <__sfvwrite_r+0x72>
     ca0:	864e                	mv	a2,s3
     ca2:	45a9                	li	a1,10
     ca4:	855a                	mv	a0,s6
     ca6:	7d0000ef          	jal	ra,1476 <memchr>
     caa:	00198b93          	addi	s7,s3,1
     cae:	c501                	beqz	a0,cb6 <__sfvwrite_r+0x72>
     cb0:	0505                	addi	a0,a0,1
     cb2:	41650bb3          	sub	s7,a0,s6
     cb6:	8c5e                	mv	s8,s7
     cb8:	0179f363          	bleu	s7,s3,cbe <__sfvwrite_r+0x7a>
     cbc:	8c4e                	mv	s8,s3
     cbe:	4008                	lw	a0,0(s0)
     cc0:	481c                	lw	a5,16(s0)
     cc2:	4854                	lw	a3,20(s0)
     cc4:	22a7f563          	bleu	a0,a5,eee <__sfvwrite_r+0x2aa>
     cc8:	4404                	lw	s1,8(s0)
     cca:	94b6                	add	s1,s1,a3
     ccc:	2384d163          	ble	s8,s1,eee <__sfvwrite_r+0x2aa>
     cd0:	85da                	mv	a1,s6
     cd2:	8626                	mv	a2,s1
     cd4:	07b000ef          	jal	ra,154e <memmove>
     cd8:	401c                	lw	a5,0(s0)
     cda:	85a2                	mv	a1,s0
     cdc:	854a                	mv	a0,s2
     cde:	97a6                	add	a5,a5,s1
     ce0:	c01c                	sw	a5,0(s0)
     ce2:	04a010ef          	jal	ra,1d2c <_fflush_r>
     ce6:	0e051c63          	bnez	a0,dde <__sfvwrite_r+0x19a>
     cea:	409b8bb3          	sub	s7,s7,s1
     cee:	4505                	li	a0,1
     cf0:	000b9763          	bnez	s7,cfe <__sfvwrite_r+0xba>
     cf4:	85a2                	mv	a1,s0
     cf6:	854a                	mv	a0,s2
     cf8:	034010ef          	jal	ra,1d2c <_fflush_r>
     cfc:	e16d                	bnez	a0,dde <__sfvwrite_r+0x19a>
     cfe:	008aa783          	lw	a5,8(s5)
     d02:	9b26                	add	s6,s6,s1
     d04:	409989b3          	sub	s3,s3,s1
     d08:	409784b3          	sub	s1,a5,s1
     d0c:	009aa423          	sw	s1,8(s5)
     d10:	f4c9                	bnez	s1,c9a <__sfvwrite_r+0x56>
     d12:	a091                	j	d56 <__sfvwrite_r+0x112>
     d14:	85a2                	mv	a1,s0
     d16:	854a                	mv	a0,s2
     d18:	521000ef          	jal	ra,1a38 <__swsetup_r>
     d1c:	57fd                	li	a5,-1
     d1e:	dd39                	beqz	a0,c7c <__sfvwrite_r+0x38>
     d20:	a825                	j	d58 <__sfvwrite_r+0x114>
     d22:	000a2983          	lw	s3,0(s4)
     d26:	004a2483          	lw	s1,4(s4)
     d2a:	0a21                	addi	s4,s4,8
     d2c:	d8fd                	beqz	s1,d22 <__sfvwrite_r+0xde>
     d2e:	86a6                	mv	a3,s1
     d30:	009b7363          	bleu	s1,s6,d36 <__sfvwrite_r+0xf2>
     d34:	86da                	mv	a3,s6
     d36:	505c                	lw	a5,36(s0)
     d38:	4c4c                	lw	a1,28(s0)
     d3a:	864e                	mv	a2,s3
     d3c:	854a                	mv	a0,s2
     d3e:	9782                	jalr	a5
     d40:	08a05f63          	blez	a0,dde <__sfvwrite_r+0x19a>
     d44:	008aa783          	lw	a5,8(s5)
     d48:	99aa                	add	s3,s3,a0
     d4a:	8c89                	sub	s1,s1,a0
     d4c:	40a78533          	sub	a0,a5,a0
     d50:	00aaa423          	sw	a0,8(s5)
     d54:	fd61                	bnez	a0,d2c <__sfvwrite_r+0xe8>
     d56:	4781                	li	a5,0
     d58:	40b6                	lw	ra,76(sp)
     d5a:	4426                	lw	s0,72(sp)
     d5c:	4496                	lw	s1,68(sp)
     d5e:	4906                	lw	s2,64(sp)
     d60:	59f2                	lw	s3,60(sp)
     d62:	5a62                	lw	s4,56(sp)
     d64:	5ad2                	lw	s5,52(sp)
     d66:	5b42                	lw	s6,48(sp)
     d68:	5bb2                	lw	s7,44(sp)
     d6a:	5c22                	lw	s8,40(sp)
     d6c:	5c92                	lw	s9,36(sp)
     d6e:	5d02                	lw	s10,32(sp)
     d70:	4df2                	lw	s11,28(sp)
     d72:	853e                	mv	a0,a5
     d74:	6161                	addi	sp,sp,80
     d76:	8082                	ret
     d78:	80000b37          	lui	s6,0x80000
     d7c:	4981                	li	s3,0
     d7e:	4481                	li	s1,0
     d80:	c00b4b13          	xori	s6,s6,-1024
     d84:	b765                	j	d2c <__sfvwrite_r+0xe8>
     d86:	000a2b03          	lw	s6,0(s4)
     d8a:	004a2483          	lw	s1,4(s4)
     d8e:	0a21                	addi	s4,s4,8
     d90:	d8fd                	beqz	s1,d86 <__sfvwrite_r+0x142>
     d92:	00c45703          	lhu	a4,12(s0)
     d96:	441c                	lw	a5,8(s0)
     d98:	4008                	lw	a0,0(s0)
     d9a:	20077693          	andi	a3,a4,512
     d9e:	0e068563          	beqz	a3,e88 <__sfvwrite_r+0x244>
     da2:	08f4e863          	bltu	s1,a5,e32 <__sfvwrite_r+0x1ee>
     da6:	48077693          	andi	a3,a4,1152
     daa:	c6c1                	beqz	a3,e32 <__sfvwrite_r+0x1ee>
     dac:	01442d83          	lw	s11,20(s0)
     db0:	480c                	lw	a1,16(s0)
     db2:	03bc8db3          	mul	s11,s9,s11
     db6:	40b509b3          	sub	s3,a0,a1
     dba:	00198793          	addi	a5,s3,1
     dbe:	97a6                	add	a5,a5,s1
     dc0:	03adcdb3          	div	s11,s11,s10
     dc4:	00fdf363          	bleu	a5,s11,dca <__sfvwrite_r+0x186>
     dc8:	8dbe                	mv	s11,a5
     dca:	40077713          	andi	a4,a4,1024
     dce:	cf51                	beqz	a4,e6a <__sfvwrite_r+0x226>
     dd0:	85ee                	mv	a1,s11
     dd2:	854a                	mv	a0,s2
     dd4:	2c19                	jal	fea <_malloc_r>
     dd6:	e51d                	bnez	a0,e04 <__sfvwrite_r+0x1c0>
     dd8:	47b1                	li	a5,12
     dda:	00f92023          	sw	a5,0(s2)
     dde:	00c45783          	lhu	a5,12(s0)
     de2:	0407e793          	ori	a5,a5,64
     de6:	00f41623          	sh	a5,12(s0)
     dea:	57fd                	li	a5,-1
     dec:	b7b5                	j	d58 <__sfvwrite_r+0x114>
     dee:	80000bb7          	lui	s7,0x80000
     df2:	ffebcc13          	xori	s8,s7,-2
     df6:	4b01                	li	s6,0
     df8:	4481                	li	s1,0
     dfa:	fffbcb93          	not	s7,s7
     dfe:	4c8d                	li	s9,3
     e00:	4d09                	li	s10,2
     e02:	b779                	j	d90 <__sfvwrite_r+0x14c>
     e04:	480c                	lw	a1,16(s0)
     e06:	864e                	mv	a2,s3
     e08:	c62a                	sw	a0,12(sp)
     e0a:	2559                	jal	1490 <memcpy>
     e0c:	00c45703          	lhu	a4,12(s0)
     e10:	47b2                	lw	a5,12(sp)
     e12:	b7f77713          	andi	a4,a4,-1153
     e16:	08076713          	ori	a4,a4,128
     e1a:	00e41623          	sh	a4,12(s0)
     e1e:	c81c                	sw	a5,16(s0)
     e20:	01b42a23          	sw	s11,20(s0)
     e24:	97ce                	add	a5,a5,s3
     e26:	413d8db3          	sub	s11,s11,s3
     e2a:	c01c                	sw	a5,0(s0)
     e2c:	01b42423          	sw	s11,8(s0)
     e30:	87a6                	mv	a5,s1
     e32:	89a6                	mv	s3,s1
     e34:	00f4f363          	bleu	a5,s1,e3a <__sfvwrite_r+0x1f6>
     e38:	87a6                	mv	a5,s1
     e3a:	4008                	lw	a0,0(s0)
     e3c:	863e                	mv	a2,a5
     e3e:	85da                	mv	a1,s6
     e40:	c63e                	sw	a5,12(sp)
     e42:	2731                	jal	154e <memmove>
     e44:	47b2                	lw	a5,12(sp)
     e46:	4418                	lw	a4,8(s0)
     e48:	8f1d                	sub	a4,a4,a5
     e4a:	c418                	sw	a4,8(s0)
     e4c:	4018                	lw	a4,0(s0)
     e4e:	97ba                	add	a5,a5,a4
     e50:	c01c                	sw	a5,0(s0)
     e52:	008aa783          	lw	a5,8(s5)
     e56:	9b4e                	add	s6,s6,s3
     e58:	413484b3          	sub	s1,s1,s3
     e5c:	413789b3          	sub	s3,a5,s3
     e60:	013aa423          	sw	s3,8(s5)
     e64:	f20996e3          	bnez	s3,d90 <__sfvwrite_r+0x14c>
     e68:	b5fd                	j	d56 <__sfvwrite_r+0x112>
     e6a:	866e                	mv	a2,s11
     e6c:	854a                	mv	a0,s2
     e6e:	270d                	jal	1590 <_realloc_r>
     e70:	87aa                	mv	a5,a0
     e72:	f555                	bnez	a0,e1e <__sfvwrite_r+0x1da>
     e74:	480c                	lw	a1,16(s0)
     e76:	854a                	mv	a0,s2
     e78:	313d                	jal	aa6 <_free_r>
     e7a:	00c45783          	lhu	a5,12(s0)
     e7e:	f7f7f793          	andi	a5,a5,-129
     e82:	00f41623          	sh	a5,12(s0)
     e86:	bf89                	j	dd8 <__sfvwrite_r+0x194>
     e88:	4818                	lw	a4,16(s0)
     e8a:	00a76563          	bltu	a4,a0,e94 <__sfvwrite_r+0x250>
     e8e:	4854                	lw	a3,20(s0)
     e90:	02d4f763          	bleu	a3,s1,ebe <__sfvwrite_r+0x27a>
     e94:	89be                	mv	s3,a5
     e96:	00f4f363          	bleu	a5,s1,e9c <__sfvwrite_r+0x258>
     e9a:	89a6                	mv	s3,s1
     e9c:	864e                	mv	a2,s3
     e9e:	85da                	mv	a1,s6
     ea0:	257d                	jal	154e <memmove>
     ea2:	441c                	lw	a5,8(s0)
     ea4:	4018                	lw	a4,0(s0)
     ea6:	413787b3          	sub	a5,a5,s3
     eaa:	974e                	add	a4,a4,s3
     eac:	c41c                	sw	a5,8(s0)
     eae:	c018                	sw	a4,0(s0)
     eb0:	f3cd                	bnez	a5,e52 <__sfvwrite_r+0x20e>
     eb2:	85a2                	mv	a1,s0
     eb4:	854a                	mv	a0,s2
     eb6:	677000ef          	jal	ra,1d2c <_fflush_r>
     eba:	dd41                	beqz	a0,e52 <__sfvwrite_r+0x20e>
     ebc:	b70d                	j	dde <__sfvwrite_r+0x19a>
     ebe:	87de                	mv	a5,s7
     ec0:	009c6363          	bltu	s8,s1,ec6 <__sfvwrite_r+0x282>
     ec4:	87a6                	mv	a5,s1
     ec6:	02d7c7b3          	div	a5,a5,a3
     eca:	5058                	lw	a4,36(s0)
     ecc:	4c4c                	lw	a1,28(s0)
     ece:	865a                	mv	a2,s6
     ed0:	854a                	mv	a0,s2
     ed2:	02d786b3          	mul	a3,a5,a3
     ed6:	9702                	jalr	a4
     ed8:	89aa                	mv	s3,a0
     eda:	f6a04ce3          	bgtz	a0,e52 <__sfvwrite_r+0x20e>
     ede:	b701                	j	dde <__sfvwrite_r+0x19a>
     ee0:	000a2b03          	lw	s6,0(s4)
     ee4:	004a2983          	lw	s3,4(s4)
     ee8:	4501                	li	a0,0
     eea:	0a21                	addi	s4,s4,8
     eec:	b37d                	j	c9a <__sfvwrite_r+0x56>
     eee:	00dc4b63          	blt	s8,a3,f04 <__sfvwrite_r+0x2c0>
     ef2:	505c                	lw	a5,36(s0)
     ef4:	4c4c                	lw	a1,28(s0)
     ef6:	865a                	mv	a2,s6
     ef8:	854a                	mv	a0,s2
     efa:	9782                	jalr	a5
     efc:	84aa                	mv	s1,a0
     efe:	dea046e3          	bgtz	a0,cea <__sfvwrite_r+0xa6>
     f02:	bdf1                	j	dde <__sfvwrite_r+0x19a>
     f04:	8662                	mv	a2,s8
     f06:	85da                	mv	a1,s6
     f08:	2599                	jal	154e <memmove>
     f0a:	441c                	lw	a5,8(s0)
     f0c:	84e2                	mv	s1,s8
     f0e:	418787b3          	sub	a5,a5,s8
     f12:	c41c                	sw	a5,8(s0)
     f14:	401c                	lw	a5,0(s0)
     f16:	97e2                	add	a5,a5,s8
     f18:	c01c                	sw	a5,0(s0)
     f1a:	bbc1                	j	cea <__sfvwrite_r+0xa6>

00000f1c <_fwalk>:
     f1c:	7179                	addi	sp,sp,-48
     f1e:	d422                	sw	s0,40(sp)
     f20:	d04a                	sw	s2,32(sp)
     f22:	cc52                	sw	s4,24(sp)
     f24:	ca56                	sw	s5,20(sp)
     f26:	d606                	sw	ra,44(sp)
     f28:	d226                	sw	s1,36(sp)
     f2a:	ce4e                	sw	s3,28(sp)
     f2c:	2e050413          	addi	s0,a0,736
     f30:	4901                	li	s2,0
     f32:	4a05                	li	s4,1
     f34:	5afd                	li	s5,-1
     f36:	e819                	bnez	s0,f4c <_fwalk+0x30>
     f38:	50b2                	lw	ra,44(sp)
     f3a:	5422                	lw	s0,40(sp)
     f3c:	854a                	mv	a0,s2
     f3e:	5492                	lw	s1,36(sp)
     f40:	5902                	lw	s2,32(sp)
     f42:	49f2                	lw	s3,28(sp)
     f44:	4a62                	lw	s4,24(sp)
     f46:	4ad2                	lw	s5,20(sp)
     f48:	6145                	addi	sp,sp,48
     f4a:	8082                	ret
     f4c:	4404                	lw	s1,8(s0)
     f4e:	00442983          	lw	s3,4(s0)
     f52:	19fd                	addi	s3,s3,-1
     f54:	0009d463          	bgez	s3,f5c <_fwalk+0x40>
     f58:	4000                	lw	s0,0(s0)
     f5a:	bff1                	j	f36 <_fwalk+0x1a>
     f5c:	00c4d783          	lhu	a5,12(s1)
     f60:	00fa7c63          	bleu	a5,s4,f78 <_fwalk+0x5c>
     f64:	00e49783          	lh	a5,14(s1)
     f68:	01578863          	beq	a5,s5,f78 <_fwalk+0x5c>
     f6c:	c62e                	sw	a1,12(sp)
     f6e:	8526                	mv	a0,s1
     f70:	9582                	jalr	a1
     f72:	45b2                	lw	a1,12(sp)
     f74:	00a96933          	or	s2,s2,a0
     f78:	06848493          	addi	s1,s1,104
     f7c:	bfd9                	j	f52 <_fwalk+0x36>

00000f7e <_fwalk_reent>:
     f7e:	7179                	addi	sp,sp,-48
     f80:	d422                	sw	s0,40(sp)
     f82:	d04a                	sw	s2,32(sp)
     f84:	cc52                	sw	s4,24(sp)
     f86:	ca56                	sw	s5,20(sp)
     f88:	c85a                	sw	s6,16(sp)
     f8a:	c65e                	sw	s7,12(sp)
     f8c:	d606                	sw	ra,44(sp)
     f8e:	d226                	sw	s1,36(sp)
     f90:	ce4e                	sw	s3,28(sp)
     f92:	8a2a                	mv	s4,a0
     f94:	8aae                	mv	s5,a1
     f96:	2e050413          	addi	s0,a0,736
     f9a:	4901                	li	s2,0
     f9c:	4b05                	li	s6,1
     f9e:	5bfd                	li	s7,-1
     fa0:	ec09                	bnez	s0,fba <_fwalk_reent+0x3c>
     fa2:	50b2                	lw	ra,44(sp)
     fa4:	5422                	lw	s0,40(sp)
     fa6:	854a                	mv	a0,s2
     fa8:	5492                	lw	s1,36(sp)
     faa:	5902                	lw	s2,32(sp)
     fac:	49f2                	lw	s3,28(sp)
     fae:	4a62                	lw	s4,24(sp)
     fb0:	4ad2                	lw	s5,20(sp)
     fb2:	4b42                	lw	s6,16(sp)
     fb4:	4bb2                	lw	s7,12(sp)
     fb6:	6145                	addi	sp,sp,48
     fb8:	8082                	ret
     fba:	4404                	lw	s1,8(s0)
     fbc:	00442983          	lw	s3,4(s0)
     fc0:	19fd                	addi	s3,s3,-1
     fc2:	0009d463          	bgez	s3,fca <_fwalk_reent+0x4c>
     fc6:	4000                	lw	s0,0(s0)
     fc8:	bfe1                	j	fa0 <_fwalk_reent+0x22>
     fca:	00c4d783          	lhu	a5,12(s1)
     fce:	00fb7b63          	bleu	a5,s6,fe4 <_fwalk_reent+0x66>
     fd2:	00e49783          	lh	a5,14(s1)
     fd6:	01778763          	beq	a5,s7,fe4 <_fwalk_reent+0x66>
     fda:	85a6                	mv	a1,s1
     fdc:	8552                	mv	a0,s4
     fde:	9a82                	jalr	s5
     fe0:	00a96933          	or	s2,s2,a0
     fe4:	06848493          	addi	s1,s1,104
     fe8:	bfe1                	j	fc0 <_fwalk_reent+0x42>

00000fea <_malloc_r>:
     fea:	7179                	addi	sp,sp,-48
     fec:	d606                	sw	ra,44(sp)
     fee:	d422                	sw	s0,40(sp)
     ff0:	d226                	sw	s1,36(sp)
     ff2:	d04a                	sw	s2,32(sp)
     ff4:	ce4e                	sw	s3,28(sp)
     ff6:	cc52                	sw	s4,24(sp)
     ff8:	ca56                	sw	s5,20(sp)
     ffa:	c85a                	sw	s6,16(sp)
     ffc:	c65e                	sw	s7,12(sp)
     ffe:	c462                	sw	s8,8(sp)
    1000:	00b58793          	addi	a5,a1,11
    1004:	4759                	li	a4,22
    1006:	02f77563          	bleu	a5,a4,1030 <__heap_size+0x30>
    100a:	ff87f493          	andi	s1,a5,-8
    100e:	0204d263          	bgez	s1,1032 <__heap_size+0x32>
    1012:	47b1                	li	a5,12
    1014:	c11c                	sw	a5,0(a0)
    1016:	4501                	li	a0,0
    1018:	50b2                	lw	ra,44(sp)
    101a:	5422                	lw	s0,40(sp)
    101c:	5492                	lw	s1,36(sp)
    101e:	5902                	lw	s2,32(sp)
    1020:	49f2                	lw	s3,28(sp)
    1022:	4a62                	lw	s4,24(sp)
    1024:	4ad2                	lw	s5,20(sp)
    1026:	4b42                	lw	s6,16(sp)
    1028:	4bb2                	lw	s7,12(sp)
    102a:	4c22                	lw	s8,8(sp)
    102c:	6145                	addi	sp,sp,48
    102e:	8082                	ret
    1030:	44c1                	li	s1,16
    1032:	feb4e0e3          	bltu	s1,a1,1012 <__heap_size+0x12>
    1036:	89aa                	mv	s3,a0
    1038:	2b91                	jal	158c <__malloc_lock>
    103a:	1f700793          	li	a5,503
    103e:	c2818913          	addi	s2,gp,-984 # 2448 <__malloc_av_>
    1042:	0297ec63          	bltu	a5,s1,107a <__heap_size+0x7a>
    1046:	00848713          	addi	a4,s1,8
    104a:	974a                	add	a4,a4,s2
    104c:	4340                	lw	s0,4(a4)
    104e:	ff870693          	addi	a3,a4,-8
    1052:	0034d793          	srli	a5,s1,0x3
    1056:	00d41663          	bne	s0,a3,1062 <__heap_size+0x62>
    105a:	4740                	lw	s0,12(a4)
    105c:	0789                	addi	a5,a5,2
    105e:	04870c63          	beq	a4,s0,10b6 <__heap_size+0xb6>
    1062:	405c                	lw	a5,4(s0)
    1064:	4458                	lw	a4,12(s0)
    1066:	4414                	lw	a3,8(s0)
    1068:	9bf1                	andi	a5,a5,-4
    106a:	97a2                	add	a5,a5,s0
    106c:	c6d8                	sw	a4,12(a3)
    106e:	c714                	sw	a3,8(a4)
    1070:	43d8                	lw	a4,4(a5)
    1072:	00176713          	ori	a4,a4,1
    1076:	c3d8                	sw	a4,4(a5)
    1078:	a8b5                	j	10f4 <__heap_size+0xf4>
    107a:	0094d713          	srli	a4,s1,0x9
    107e:	03f00793          	li	a5,63
    1082:	cb01                	beqz	a4,1092 <__heap_size+0x92>
    1084:	4791                	li	a5,4
    1086:	06e7ec63          	bltu	a5,a4,10fe <__heap_size+0xfe>
    108a:	0064d793          	srli	a5,s1,0x6
    108e:	03878793          	addi	a5,a5,56
    1092:	00178713          	addi	a4,a5,1
    1096:	070e                	slli	a4,a4,0x3
    1098:	974a                	add	a4,a4,s2
    109a:	4340                	lw	s0,4(a4)
    109c:	ff870593          	addi	a1,a4,-8
    10a0:	453d                	li	a0,15
    10a2:	00b40963          	beq	s0,a1,10b4 <__heap_size+0xb4>
    10a6:	4058                	lw	a4,4(s0)
    10a8:	9b71                	andi	a4,a4,-4
    10aa:	40970633          	sub	a2,a4,s1
    10ae:	08c55b63          	ble	a2,a0,1144 <__heap_size+0x144>
    10b2:	17fd                	addi	a5,a5,-1
    10b4:	0785                	addi	a5,a5,1
    10b6:	01092403          	lw	s0,16(s2)
    10ba:	00890693          	addi	a3,s2,8
    10be:	c3018593          	addi	a1,gp,-976 # 2450 <__malloc_av_+0x8>
    10c2:	0ed40263          	beq	s0,a3,11a6 <__heap_size+0x1a6>
    10c6:	4058                	lw	a4,4(s0)
    10c8:	463d                	li	a2,15
    10ca:	9b71                	andi	a4,a4,-4
    10cc:	40970533          	sub	a0,a4,s1
    10d0:	08a65563          	ble	a0,a2,115a <__heap_size+0x15a>
    10d4:	0014e793          	ori	a5,s1,1
    10d8:	c05c                	sw	a5,4(s0)
    10da:	00940633          	add	a2,s0,s1
    10de:	00c92a23          	sw	a2,20(s2)
    10e2:	00c92823          	sw	a2,16(s2)
    10e6:	00156793          	ori	a5,a0,1
    10ea:	c654                	sw	a3,12(a2)
    10ec:	c614                	sw	a3,8(a2)
    10ee:	c25c                	sw	a5,4(a2)
    10f0:	9722                	add	a4,a4,s0
    10f2:	c308                	sw	a0,0(a4)
    10f4:	854e                	mv	a0,s3
    10f6:	2961                	jal	158e <__malloc_unlock>
    10f8:	00840513          	addi	a0,s0,8
    10fc:	bf31                	j	1018 <__heap_size+0x18>
    10fe:	47d1                	li	a5,20
    1100:	00e7e563          	bltu	a5,a4,110a <__heap_size+0x10a>
    1104:	05b70793          	addi	a5,a4,91
    1108:	b769                	j	1092 <__heap_size+0x92>
    110a:	05400793          	li	a5,84
    110e:	00e7e763          	bltu	a5,a4,111c <__heap_size+0x11c>
    1112:	00c4d793          	srli	a5,s1,0xc
    1116:	06e78793          	addi	a5,a5,110
    111a:	bfa5                	j	1092 <__heap_size+0x92>
    111c:	15400793          	li	a5,340
    1120:	00e7e763          	bltu	a5,a4,112e <__heap_size+0x12e>
    1124:	00f4d793          	srli	a5,s1,0xf
    1128:	07778793          	addi	a5,a5,119
    112c:	b79d                	j	1092 <__heap_size+0x92>
    112e:	55400693          	li	a3,1364
    1132:	07e00793          	li	a5,126
    1136:	f4e6eee3          	bltu	a3,a4,1092 <__heap_size+0x92>
    113a:	0124d793          	srli	a5,s1,0x12
    113e:	07c78793          	addi	a5,a5,124
    1142:	bf81                	j	1092 <__heap_size+0x92>
    1144:	4454                	lw	a3,12(s0)
    1146:	00064863          	bltz	a2,1156 <__heap_size+0x156>
    114a:	441c                	lw	a5,8(s0)
    114c:	c7d4                	sw	a3,12(a5)
    114e:	c69c                	sw	a5,8(a3)
    1150:	00e407b3          	add	a5,s0,a4
    1154:	bf31                	j	1070 <__heap_size+0x70>
    1156:	8436                	mv	s0,a3
    1158:	b7a9                	j	10a2 <__heap_size+0xa2>
    115a:	00d92a23          	sw	a3,20(s2)
    115e:	00d92823          	sw	a3,16(s2)
    1162:	00054863          	bltz	a0,1172 <__heap_size+0x172>
    1166:	9722                	add	a4,a4,s0
    1168:	435c                	lw	a5,4(a4)
    116a:	0017e793          	ori	a5,a5,1
    116e:	c35c                	sw	a5,4(a4)
    1170:	b751                	j	10f4 <__heap_size+0xf4>
    1172:	1ff00693          	li	a3,511
    1176:	00492803          	lw	a6,4(s2)
    117a:	10e6ee63          	bltu	a3,a4,1296 <__heap_size+0x296>
    117e:	830d                	srli	a4,a4,0x3
    1180:	40275613          	srai	a2,a4,0x2
    1184:	4685                	li	a3,1
    1186:	0705                	addi	a4,a4,1
    1188:	00c696b3          	sll	a3,a3,a2
    118c:	070e                	slli	a4,a4,0x3
    118e:	974a                	add	a4,a4,s2
    1190:	0106e6b3          	or	a3,a3,a6
    1194:	00d92223          	sw	a3,4(s2)
    1198:	4314                	lw	a3,0(a4)
    119a:	ff870613          	addi	a2,a4,-8
    119e:	c450                	sw	a2,12(s0)
    11a0:	c414                	sw	a3,8(s0)
    11a2:	c300                	sw	s0,0(a4)
    11a4:	c6c0                	sw	s0,12(a3)
    11a6:	4027d713          	srai	a4,a5,0x2
    11aa:	4305                	li	t1,1
    11ac:	00e31333          	sll	t1,t1,a4
    11b0:	00492703          	lw	a4,4(s2)
    11b4:	04676c63          	bltu	a4,t1,120c <__heap_size+0x20c>
    11b8:	006776b3          	and	a3,a4,t1
    11bc:	e699                	bnez	a3,11ca <__heap_size+0x1ca>
    11be:	9bf1                	andi	a5,a5,-4
    11c0:	0306                	slli	t1,t1,0x1
    11c2:	006776b3          	and	a3,a4,t1
    11c6:	0791                	addi	a5,a5,4
    11c8:	dee5                	beqz	a3,11c0 <__heap_size+0x1c0>
    11ca:	4e3d                	li	t3,15
    11cc:	00379693          	slli	a3,a5,0x3
    11d0:	96ca                	add	a3,a3,s2
    11d2:	8836                	mv	a6,a3
    11d4:	853e                	mv	a0,a5
    11d6:	00c82403          	lw	s0,12(a6)
    11da:	15041963          	bne	s0,a6,132c <__heap_size+0x32c>
    11de:	0505                	addi	a0,a0,1
    11e0:	00357713          	andi	a4,a0,3
    11e4:	0821                	addi	a6,a6,8
    11e6:	fb65                	bnez	a4,11d6 <__heap_size+0x1d6>
    11e8:	0037f713          	andi	a4,a5,3
    11ec:	18071963          	bnez	a4,137e <__heap_size+0x37e>
    11f0:	00492703          	lw	a4,4(s2)
    11f4:	fff34793          	not	a5,t1
    11f8:	8ff9                	and	a5,a5,a4
    11fa:	00f92223          	sw	a5,4(s2)
    11fe:	00492703          	lw	a4,4(s2)
    1202:	0306                	slli	t1,t1,0x1
    1204:	00676463          	bltu	a4,t1,120c <__heap_size+0x20c>
    1208:	18031863          	bnez	t1,1398 <__heap_size+0x398>
    120c:	00892b83          	lw	s7,8(s2)
    1210:	004ba403          	lw	s0,4(s7) # 80000004 <pulp__FC+0x80000005>
    1214:	ffc47a93          	andi	s5,s0,-4
    1218:	009ae763          	bltu	s5,s1,1226 <__heap_size+0x226>
    121c:	409a8733          	sub	a4,s5,s1
    1220:	47bd                	li	a5,15
    1222:	24e7c063          	blt	a5,a4,1462 <__heap_size+0x462>
    1226:	04c1a403          	lw	s0,76(gp) # 286c <__malloc_top_pad>
    122a:	03c1a703          	lw	a4,60(gp) # 285c <__malloc_sbrk_base>
    122e:	57fd                	li	a5,-1
    1230:	9426                	add	s0,s0,s1
    1232:	16f71563          	bne	a4,a5,139c <__heap_size+0x39c>
    1236:	0441                	addi	s0,s0,16
    1238:	85a2                	mv	a1,s0
    123a:	854e                	mv	a0,s3
    123c:	25cd                	jal	191e <_sbrk_r>
    123e:	57fd                	li	a5,-1
    1240:	8b2a                	mv	s6,a0
    1242:	1cf50663          	beq	a0,a5,140e <__heap_size+0x40e>
    1246:	015b87b3          	add	a5,s7,s5
    124a:	00f57463          	bleu	a5,a0,1252 <__heap_size+0x252>
    124e:	1d2b9063          	bne	s7,s2,140e <__heap_size+0x40e>
    1252:	05018693          	addi	a3,gp,80 # 2870 <__malloc_current_mallinfo>
    1256:	4298                	lw	a4,0(a3)
    1258:	05018c13          	addi	s8,gp,80 # 2870 <__malloc_current_mallinfo>
    125c:	9722                	add	a4,a4,s0
    125e:	c298                	sw	a4,0(a3)
    1260:	15679463          	bne	a5,s6,13a8 <__heap_size+0x3a8>
    1264:	01479693          	slli	a3,a5,0x14
    1268:	14069063          	bnez	a3,13a8 <__heap_size+0x3a8>
    126c:	00892783          	lw	a5,8(s2)
    1270:	9456                	add	s0,s0,s5
    1272:	00146413          	ori	s0,s0,1
    1276:	c3c0                	sw	s0,4(a5)
    1278:	000c2783          	lw	a5,0(s8)
    127c:	0481a683          	lw	a3,72(gp) # 2868 <__malloc_max_sbrked_mem>
    1280:	00f6f463          	bleu	a5,a3,1288 <__heap_size+0x288>
    1284:	04f1a423          	sw	a5,72(gp) # 2868 <__malloc_max_sbrked_mem>
    1288:	0441a683          	lw	a3,68(gp) # 2864 <_edata>
    128c:	18f6f163          	bleu	a5,a3,140e <__heap_size+0x40e>
    1290:	04f1a223          	sw	a5,68(gp) # 2864 <_edata>
    1294:	aaad                	j	140e <__heap_size+0x40e>
    1296:	00975613          	srli	a2,a4,0x9
    129a:	4691                	li	a3,4
    129c:	02c6ec63          	bltu	a3,a2,12d4 <__heap_size+0x2d4>
    12a0:	00675693          	srli	a3,a4,0x6
    12a4:	03868693          	addi	a3,a3,56
    12a8:	00168613          	addi	a2,a3,1
    12ac:	060e                	slli	a2,a2,0x3
    12ae:	964a                	add	a2,a2,s2
    12b0:	ff860513          	addi	a0,a2,-8
    12b4:	4210                	lw	a2,0(a2)
    12b6:	06c51563          	bne	a0,a2,1320 <__heap_size+0x320>
    12ba:	8689                	srai	a3,a3,0x2
    12bc:	4705                	li	a4,1
    12be:	00d716b3          	sll	a3,a4,a3
    12c2:	0106e6b3          	or	a3,a3,a6
    12c6:	00d92223          	sw	a3,4(s2)
    12ca:	c448                	sw	a0,12(s0)
    12cc:	c410                	sw	a2,8(s0)
    12ce:	c500                	sw	s0,8(a0)
    12d0:	c640                	sw	s0,12(a2)
    12d2:	bdd1                	j	11a6 <__heap_size+0x1a6>
    12d4:	46d1                	li	a3,20
    12d6:	00c6e563          	bltu	a3,a2,12e0 <__heap_size+0x2e0>
    12da:	05b60693          	addi	a3,a2,91
    12de:	b7e9                	j	12a8 <__heap_size+0x2a8>
    12e0:	05400693          	li	a3,84
    12e4:	00c6e763          	bltu	a3,a2,12f2 <__heap_size+0x2f2>
    12e8:	00c75693          	srli	a3,a4,0xc
    12ec:	06e68693          	addi	a3,a3,110
    12f0:	bf65                	j	12a8 <__heap_size+0x2a8>
    12f2:	15400693          	li	a3,340
    12f6:	00c6e763          	bltu	a3,a2,1304 <__heap_size+0x304>
    12fa:	00f75693          	srli	a3,a4,0xf
    12fe:	07768693          	addi	a3,a3,119
    1302:	b75d                	j	12a8 <__heap_size+0x2a8>
    1304:	55400513          	li	a0,1364
    1308:	07e00693          	li	a3,126
    130c:	f8c56ee3          	bltu	a0,a2,12a8 <__heap_size+0x2a8>
    1310:	01275693          	srli	a3,a4,0x12
    1314:	07c68693          	addi	a3,a3,124
    1318:	bf41                	j	12a8 <__heap_size+0x2a8>
    131a:	4610                	lw	a2,8(a2)
    131c:	00c50663          	beq	a0,a2,1328 <__heap_size+0x328>
    1320:	4254                	lw	a3,4(a2)
    1322:	9af1                	andi	a3,a3,-4
    1324:	fed76be3          	bltu	a4,a3,131a <__heap_size+0x31a>
    1328:	4648                	lw	a0,12(a2)
    132a:	b745                	j	12ca <__heap_size+0x2ca>
    132c:	4058                	lw	a4,4(s0)
    132e:	4450                	lw	a2,12(s0)
    1330:	9b71                	andi	a4,a4,-4
    1332:	409708b3          	sub	a7,a4,s1
    1336:	031e5763          	ble	a7,t3,1364 <__heap_size+0x364>
    133a:	0014e793          	ori	a5,s1,1
    133e:	c05c                	sw	a5,4(s0)
    1340:	441c                	lw	a5,8(s0)
    1342:	009406b3          	add	a3,s0,s1
    1346:	9722                	add	a4,a4,s0
    1348:	c7d0                	sw	a2,12(a5)
    134a:	c61c                	sw	a5,8(a2)
    134c:	00d92a23          	sw	a3,20(s2)
    1350:	00d92823          	sw	a3,16(s2)
    1354:	0018e793          	ori	a5,a7,1
    1358:	c6cc                	sw	a1,12(a3)
    135a:	c68c                	sw	a1,8(a3)
    135c:	c2dc                	sw	a5,4(a3)
    135e:	01172023          	sw	a7,0(a4)
    1362:	bb49                	j	10f4 <__heap_size+0xf4>
    1364:	0008cb63          	bltz	a7,137a <__heap_size+0x37a>
    1368:	9722                	add	a4,a4,s0
    136a:	435c                	lw	a5,4(a4)
    136c:	0017e793          	ori	a5,a5,1
    1370:	c35c                	sw	a5,4(a4)
    1372:	441c                	lw	a5,8(s0)
    1374:	c7d0                	sw	a2,12(a5)
    1376:	c61c                	sw	a5,8(a2)
    1378:	bbb5                	j	10f4 <__heap_size+0xf4>
    137a:	8432                	mv	s0,a2
    137c:	bdb9                	j	11da <__heap_size+0x1da>
    137e:	ff868713          	addi	a4,a3,-8
    1382:	4294                	lw	a3,0(a3)
    1384:	17fd                	addi	a5,a5,-1
    1386:	e6e681e3          	beq	a3,a4,11e8 <__heap_size+0x1e8>
    138a:	bd95                	j	11fe <__heap_size+0x1fe>
    138c:	0791                	addi	a5,a5,4
    138e:	0306                	slli	t1,t1,0x1
    1390:	006776b3          	and	a3,a4,t1
    1394:	dee5                	beqz	a3,138c <__heap_size+0x38c>
    1396:	bd1d                	j	11cc <__heap_size+0x1cc>
    1398:	87aa                	mv	a5,a0
    139a:	bfdd                	j	1390 <__heap_size+0x390>
    139c:	6785                	lui	a5,0x1
    139e:	07bd                	addi	a5,a5,15
    13a0:	943e                	add	s0,s0,a5
    13a2:	77fd                	lui	a5,0xfffff
    13a4:	8c7d                	and	s0,s0,a5
    13a6:	bd49                	j	1238 <__heap_size+0x238>
    13a8:	03c1a603          	lw	a2,60(gp) # 285c <__malloc_sbrk_base>
    13ac:	56fd                	li	a3,-1
    13ae:	06d61e63          	bne	a2,a3,142a <__heap_size+0x42a>
    13b2:	0361ae23          	sw	s6,60(gp) # 285c <__malloc_sbrk_base>
    13b6:	007b7593          	andi	a1,s6,7
    13ba:	c589                	beqz	a1,13c4 <__heap_size+0x3c4>
    13bc:	47a1                	li	a5,8
    13be:	40b785b3          	sub	a1,a5,a1
    13c2:	9b2e                	add	s6,s6,a1
    13c4:	6785                	lui	a5,0x1
    13c6:	95be                	add	a1,a1,a5
    13c8:	945a                	add	s0,s0,s6
    13ca:	17fd                	addi	a5,a5,-1
    13cc:	8c7d                	and	s0,s0,a5
    13ce:	40858a33          	sub	s4,a1,s0
    13d2:	85d2                	mv	a1,s4
    13d4:	854e                	mv	a0,s3
    13d6:	23a1                	jal	191e <_sbrk_r>
    13d8:	57fd                	li	a5,-1
    13da:	00f51463          	bne	a0,a5,13e2 <__heap_size+0x3e2>
    13de:	855a                	mv	a0,s6
    13e0:	4a01                	li	s4,0
    13e2:	000c2783          	lw	a5,0(s8)
    13e6:	41650533          	sub	a0,a0,s6
    13ea:	01692423          	sw	s6,8(s2)
    13ee:	97d2                	add	a5,a5,s4
    13f0:	9a2a                	add	s4,s4,a0
    13f2:	001a6a13          	ori	s4,s4,1
    13f6:	00fc2023          	sw	a5,0(s8)
    13fa:	014b2223          	sw	s4,4(s6) # 80000004 <pulp__FC+0x80000005>
    13fe:	e72b8de3          	beq	s7,s2,1278 <__heap_size+0x278>
    1402:	473d                	li	a4,15
    1404:	03576963          	bltu	a4,s5,1436 <__heap_size+0x436>
    1408:	4785                	li	a5,1
    140a:	00fb2223          	sw	a5,4(s6)
    140e:	00892783          	lw	a5,8(s2)
    1412:	43dc                	lw	a5,4(a5)
    1414:	9bf1                	andi	a5,a5,-4
    1416:	40978733          	sub	a4,a5,s1
    141a:	0097e563          	bltu	a5,s1,1424 <__heap_size+0x424>
    141e:	47bd                	li	a5,15
    1420:	04e7c163          	blt	a5,a4,1462 <__heap_size+0x462>
    1424:	854e                	mv	a0,s3
    1426:	22a5                	jal	158e <__malloc_unlock>
    1428:	b6fd                	j	1016 <__heap_size+0x16>
    142a:	40fb07b3          	sub	a5,s6,a5
    142e:	97ba                	add	a5,a5,a4
    1430:	00fc2023          	sw	a5,0(s8)
    1434:	b749                	j	13b6 <__heap_size+0x3b6>
    1436:	004ba783          	lw	a5,4(s7)
    143a:	ff4a8413          	addi	s0,s5,-12
    143e:	9861                	andi	s0,s0,-8
    1440:	8b85                	andi	a5,a5,1
    1442:	8fc1                	or	a5,a5,s0
    1444:	00fba223          	sw	a5,4(s7)
    1448:	4695                	li	a3,5
    144a:	008b87b3          	add	a5,s7,s0
    144e:	c3d4                	sw	a3,4(a5)
    1450:	c794                	sw	a3,8(a5)
    1452:	e28773e3          	bleu	s0,a4,1278 <__heap_size+0x278>
    1456:	008b8593          	addi	a1,s7,8
    145a:	854e                	mv	a0,s3
    145c:	e4aff0ef          	jal	ra,aa6 <_free_r>
    1460:	bd21                	j	1278 <__heap_size+0x278>
    1462:	00892403          	lw	s0,8(s2)
    1466:	0014e793          	ori	a5,s1,1
    146a:	c05c                	sw	a5,4(s0)
    146c:	009407b3          	add	a5,s0,s1
    1470:	00f92423          	sw	a5,8(s2)
    1474:	befd                	j	1072 <__heap_size+0x72>

00001476 <memchr>:
    1476:	0ff5f593          	andi	a1,a1,255
    147a:	962a                	add	a2,a2,a0
    147c:	00c51463          	bne	a0,a2,1484 <memchr+0xe>
    1480:	4501                	li	a0,0
    1482:	8082                	ret
    1484:	00054783          	lbu	a5,0(a0)
    1488:	feb78de3          	beq	a5,a1,1482 <memchr+0xc>
    148c:	0505                	addi	a0,a0,1
    148e:	b7fd                	j	147c <memchr+0x6>

00001490 <memcpy>:
    1490:	00a5c7b3          	xor	a5,a1,a0
    1494:	8b8d                	andi	a5,a5,3
    1496:	00c50733          	add	a4,a0,a2
    149a:	e781                	bnez	a5,14a2 <memcpy+0x12>
    149c:	478d                	li	a5,3
    149e:	00c7ef63          	bltu	a5,a2,14bc <memcpy+0x2c>
    14a2:	87aa                	mv	a5,a0
    14a4:	00e56963          	bltu	a0,a4,14b6 <memcpy+0x26>
    14a8:	8082                	ret
    14aa:	0005c683          	lbu	a3,0(a1)
    14ae:	0785                	addi	a5,a5,1
    14b0:	0585                	addi	a1,a1,1
    14b2:	fed78fa3          	sb	a3,-1(a5) # fff <_malloc_r+0x15>
    14b6:	fee7eae3          	bltu	a5,a4,14aa <memcpy+0x1a>
    14ba:	8082                	ret
    14bc:	00357793          	andi	a5,a0,3
    14c0:	ebbd                	bnez	a5,1536 <memcpy+0xa6>
    14c2:	87aa                	mv	a5,a0
    14c4:	ffc77693          	andi	a3,a4,-4
    14c8:	fe068613          	addi	a2,a3,-32
    14cc:	06c7fc63          	bleu	a2,a5,1544 <memcpy+0xb4>
    14d0:	0005a383          	lw	t2,0(a1)
    14d4:	0045a283          	lw	t0,4(a1)
    14d8:	0085af83          	lw	t6,8(a1)
    14dc:	00c5af03          	lw	t5,12(a1)
    14e0:	0105ae83          	lw	t4,16(a1)
    14e4:	0145ae03          	lw	t3,20(a1)
    14e8:	0185a303          	lw	t1,24(a1)
    14ec:	01c5a883          	lw	a7,28(a1)
    14f0:	02458593          	addi	a1,a1,36
    14f4:	02478793          	addi	a5,a5,36
    14f8:	ffc5a803          	lw	a6,-4(a1)
    14fc:	fc77ae23          	sw	t2,-36(a5)
    1500:	fe57a023          	sw	t0,-32(a5)
    1504:	fff7a223          	sw	t6,-28(a5)
    1508:	ffe7a423          	sw	t5,-24(a5)
    150c:	ffd7a623          	sw	t4,-20(a5)
    1510:	ffc7a823          	sw	t3,-16(a5)
    1514:	fe67aa23          	sw	t1,-12(a5)
    1518:	ff17ac23          	sw	a7,-8(a5)
    151c:	ff07ae23          	sw	a6,-4(a5)
    1520:	b775                	j	14cc <memcpy+0x3c>
    1522:	0005c683          	lbu	a3,0(a1)
    1526:	0785                	addi	a5,a5,1
    1528:	0585                	addi	a1,a1,1
    152a:	fed78fa3          	sb	a3,-1(a5)
    152e:	0037f693          	andi	a3,a5,3
    1532:	fae5                	bnez	a3,1522 <memcpy+0x92>
    1534:	bf41                	j	14c4 <memcpy+0x34>
    1536:	87aa                	mv	a5,a0
    1538:	bfdd                	j	152e <memcpy+0x9e>
    153a:	4190                	lw	a2,0(a1)
    153c:	0791                	addi	a5,a5,4
    153e:	0591                	addi	a1,a1,4
    1540:	fec7ae23          	sw	a2,-4(a5)
    1544:	fed7ebe3          	bltu	a5,a3,153a <memcpy+0xaa>
    1548:	f6e7e7e3          	bltu	a5,a4,14b6 <memcpy+0x26>
    154c:	8082                	ret

0000154e <memmove>:
    154e:	00c50733          	add	a4,a0,a2
    1552:	00a5e663          	bltu	a1,a0,155e <memmove+0x10>
    1556:	87aa                	mv	a5,a0
    1558:	02f71363          	bne	a4,a5,157e <memmove+0x30>
    155c:	8082                	ret
    155e:	00c587b3          	add	a5,a1,a2
    1562:	8e1d                	sub	a2,a2,a5
    1564:	fef579e3          	bleu	a5,a0,1556 <memmove+0x8>
    1568:	00c786b3          	add	a3,a5,a2
    156c:	e291                	bnez	a3,1570 <memmove+0x22>
    156e:	8082                	ret
    1570:	17fd                	addi	a5,a5,-1
    1572:	0007c683          	lbu	a3,0(a5)
    1576:	177d                	addi	a4,a4,-1
    1578:	00d70023          	sb	a3,0(a4)
    157c:	b7f5                	j	1568 <memmove+0x1a>
    157e:	0585                	addi	a1,a1,1
    1580:	fff5c683          	lbu	a3,-1(a1)
    1584:	0785                	addi	a5,a5,1
    1586:	fed78fa3          	sb	a3,-1(a5)
    158a:	b7f9                	j	1558 <memmove+0xa>

0000158c <__malloc_lock>:
    158c:	8082                	ret

0000158e <__malloc_unlock>:
    158e:	8082                	ret

00001590 <_realloc_r>:
    1590:	7139                	addi	sp,sp,-64
    1592:	dc22                	sw	s0,56(sp)
    1594:	de06                	sw	ra,60(sp)
    1596:	842e                	mv	s0,a1
    1598:	da26                	sw	s1,52(sp)
    159a:	d84a                	sw	s2,48(sp)
    159c:	d64e                	sw	s3,44(sp)
    159e:	d452                	sw	s4,40(sp)
    15a0:	d256                	sw	s5,36(sp)
    15a2:	d05a                	sw	s6,32(sp)
    15a4:	ce5e                	sw	s7,28(sp)
    15a6:	cc62                	sw	s8,24(sp)
    15a8:	85b2                	mv	a1,a2
    15aa:	ec09                	bnez	s0,15c4 <_realloc_r+0x34>
    15ac:	5462                	lw	s0,56(sp)
    15ae:	50f2                	lw	ra,60(sp)
    15b0:	54d2                	lw	s1,52(sp)
    15b2:	5942                	lw	s2,48(sp)
    15b4:	59b2                	lw	s3,44(sp)
    15b6:	5a22                	lw	s4,40(sp)
    15b8:	5a92                	lw	s5,36(sp)
    15ba:	5b02                	lw	s6,32(sp)
    15bc:	4bf2                	lw	s7,28(sp)
    15be:	4c62                	lw	s8,24(sp)
    15c0:	6121                	addi	sp,sp,64
    15c2:	b425                	j	fea <_malloc_r>
    15c4:	8aaa                	mv	s5,a0
    15c6:	c632                	sw	a2,12(sp)
    15c8:	37d1                	jal	158c <__malloc_lock>
    15ca:	45b2                	lw	a1,12(sp)
    15cc:	ffc42683          	lw	a3,-4(s0)
    15d0:	47d9                	li	a5,22
    15d2:	00b58993          	addi	s3,a1,11
    15d6:	ff840b93          	addi	s7,s0,-8
    15da:	ffc6f913          	andi	s2,a3,-4
    15de:	0337f763          	bleu	s3,a5,160c <_realloc_r+0x7c>
    15e2:	ff89fb13          	andi	s6,s3,-8
    15e6:	020b5463          	bgez	s6,160e <_realloc_r+0x7e>
    15ea:	47b1                	li	a5,12
    15ec:	00faa023          	sw	a5,0(s5)
    15f0:	4a01                	li	s4,0
    15f2:	50f2                	lw	ra,60(sp)
    15f4:	5462                	lw	s0,56(sp)
    15f6:	8552                	mv	a0,s4
    15f8:	54d2                	lw	s1,52(sp)
    15fa:	5942                	lw	s2,48(sp)
    15fc:	59b2                	lw	s3,44(sp)
    15fe:	5a22                	lw	s4,40(sp)
    1600:	5a92                	lw	s5,36(sp)
    1602:	5b02                	lw	s6,32(sp)
    1604:	4bf2                	lw	s7,28(sp)
    1606:	4c62                	lw	s8,24(sp)
    1608:	6121                	addi	sp,sp,64
    160a:	8082                	ret
    160c:	4b41                	li	s6,16
    160e:	fcbb6ee3          	bltu	s6,a1,15ea <_realloc_r+0x5a>
    1612:	2f695b63          	ble	s6,s2,1908 <_realloc_r+0x378>
    1616:	c2818713          	addi	a4,gp,-984 # 2448 <__malloc_av_>
    161a:	4710                	lw	a2,8(a4)
    161c:	012b87b3          	add	a5,s7,s2
    1620:	43d8                	lw	a4,4(a5)
    1622:	c2818c13          	addi	s8,gp,-984 # 2448 <__malloc_av_>
    1626:	00f60863          	beq	a2,a5,1636 <_realloc_r+0xa6>
    162a:	ffe77513          	andi	a0,a4,-2
    162e:	953e                	add	a0,a0,a5
    1630:	4148                	lw	a0,4(a0)
    1632:	8905                	andi	a0,a0,1
    1634:	e549                	bnez	a0,16be <_realloc_r+0x12e>
    1636:	9b71                	andi	a4,a4,-4
    1638:	00e909b3          	add	s3,s2,a4
    163c:	02f61b63          	bne	a2,a5,1672 <_realloc_r+0xe2>
    1640:	010b0513          	addi	a0,s6,16
    1644:	06a9cf63          	blt	s3,a0,16c2 <_realloc_r+0x132>
    1648:	9bda                	add	s7,s7,s6
    164a:	416989b3          	sub	s3,s3,s6
    164e:	017c2423          	sw	s7,8(s8)
    1652:	0019e993          	ori	s3,s3,1
    1656:	013ba223          	sw	s3,4(s7)
    165a:	ffc42983          	lw	s3,-4(s0)
    165e:	8556                	mv	a0,s5
    1660:	8a22                	mv	s4,s0
    1662:	0019f993          	andi	s3,s3,1
    1666:	0169e9b3          	or	s3,s3,s6
    166a:	ff342e23          	sw	s3,-4(s0)
    166e:	3705                	jal	158e <__malloc_unlock>
    1670:	b749                	j	15f2 <_realloc_r+0x62>
    1672:	0569c863          	blt	s3,s6,16c2 <_realloc_r+0x132>
    1676:	47d8                	lw	a4,12(a5)
    1678:	479c                	lw	a5,8(a5)
    167a:	c7d8                	sw	a4,12(a5)
    167c:	c71c                	sw	a5,8(a4)
    167e:	004ba703          	lw	a4,4(s7)
    1682:	416986b3          	sub	a3,s3,s6
    1686:	463d                	li	a2,15
    1688:	8b05                	andi	a4,a4,1
    168a:	013b87b3          	add	a5,s7,s3
    168e:	26d67f63          	bleu	a3,a2,190c <_realloc_r+0x37c>
    1692:	00eb69b3          	or	s3,s6,a4
    1696:	013ba223          	sw	s3,4(s7)
    169a:	016b85b3          	add	a1,s7,s6
    169e:	0016e693          	ori	a3,a3,1
    16a2:	c1d4                	sw	a3,4(a1)
    16a4:	43d8                	lw	a4,4(a5)
    16a6:	05a1                	addi	a1,a1,8
    16a8:	8556                	mv	a0,s5
    16aa:	00176713          	ori	a4,a4,1
    16ae:	c3d8                	sw	a4,4(a5)
    16b0:	bf6ff0ef          	jal	ra,aa6 <_free_r>
    16b4:	8556                	mv	a0,s5
    16b6:	3de1                	jal	158e <__malloc_unlock>
    16b8:	008b8a13          	addi	s4,s7,8
    16bc:	bf1d                	j	15f2 <_realloc_r+0x62>
    16be:	4701                	li	a4,0
    16c0:	4781                	li	a5,0
    16c2:	8a85                	andi	a3,a3,1
    16c4:	1a069563          	bnez	a3,186e <_realloc_r+0x2de>
    16c8:	ff842483          	lw	s1,-8(s0)
    16cc:	409b84b3          	sub	s1,s7,s1
    16d0:	0044aa03          	lw	s4,4(s1)
    16d4:	ffca7a13          	andi	s4,s4,-4
    16d8:	9a4a                	add	s4,s4,s2
    16da:	12078163          	beqz	a5,17fc <_realloc_r+0x26c>
    16de:	014709b3          	add	s3,a4,s4
    16e2:	0af61063          	bne	a2,a5,1782 <_realloc_r+0x1f2>
    16e6:	010b0793          	addi	a5,s6,16
    16ea:	10f9c963          	blt	s3,a5,17fc <_realloc_r+0x26c>
    16ee:	4498                	lw	a4,8(s1)
    16f0:	44dc                	lw	a5,12(s1)
    16f2:	ffc90613          	addi	a2,s2,-4
    16f6:	00848a13          	addi	s4,s1,8
    16fa:	c75c                	sw	a5,12(a4)
    16fc:	c798                	sw	a4,8(a5)
    16fe:	02400713          	li	a4,36
    1702:	06c76c63          	bltu	a4,a2,177a <_realloc_r+0x1ea>
    1706:	46cd                	li	a3,19
    1708:	87d2                	mv	a5,s4
    170a:	00c6fc63          	bleu	a2,a3,1722 <_realloc_r+0x192>
    170e:	401c                	lw	a5,0(s0)
    1710:	c49c                	sw	a5,8(s1)
    1712:	405c                	lw	a5,4(s0)
    1714:	c4dc                	sw	a5,12(s1)
    1716:	47ed                	li	a5,27
    1718:	02c7ee63          	bltu	a5,a2,1754 <_realloc_r+0x1c4>
    171c:	0421                	addi	s0,s0,8
    171e:	01048793          	addi	a5,s1,16
    1722:	4018                	lw	a4,0(s0)
    1724:	c398                	sw	a4,0(a5)
    1726:	4058                	lw	a4,4(s0)
    1728:	c3d8                	sw	a4,4(a5)
    172a:	4418                	lw	a4,8(s0)
    172c:	c798                	sw	a4,8(a5)
    172e:	016487b3          	add	a5,s1,s6
    1732:	416989b3          	sub	s3,s3,s6
    1736:	00fc2423          	sw	a5,8(s8)
    173a:	0019e993          	ori	s3,s3,1
    173e:	0137a223          	sw	s3,4(a5)
    1742:	40dc                	lw	a5,4(s1)
    1744:	8b85                	andi	a5,a5,1
    1746:	0167e9b3          	or	s3,a5,s6
    174a:	0134a223          	sw	s3,4(s1)
    174e:	8556                	mv	a0,s5
    1750:	3d3d                	jal	158e <__malloc_unlock>
    1752:	b545                	j	15f2 <_realloc_r+0x62>
    1754:	441c                	lw	a5,8(s0)
    1756:	c89c                	sw	a5,16(s1)
    1758:	445c                	lw	a5,12(s0)
    175a:	c8dc                	sw	a5,20(s1)
    175c:	00e60663          	beq	a2,a4,1768 <_realloc_r+0x1d8>
    1760:	0441                	addi	s0,s0,16
    1762:	01848793          	addi	a5,s1,24
    1766:	bf75                	j	1722 <_realloc_r+0x192>
    1768:	481c                	lw	a5,16(s0)
    176a:	0461                	addi	s0,s0,24
    176c:	cc9c                	sw	a5,24(s1)
    176e:	ffc42703          	lw	a4,-4(s0)
    1772:	02048793          	addi	a5,s1,32
    1776:	ccd8                	sw	a4,28(s1)
    1778:	b76d                	j	1722 <_realloc_r+0x192>
    177a:	85a2                	mv	a1,s0
    177c:	8552                	mv	a0,s4
    177e:	3bc1                	jal	154e <memmove>
    1780:	b77d                	j	172e <_realloc_r+0x19e>
    1782:	0769cd63          	blt	s3,s6,17fc <_realloc_r+0x26c>
    1786:	47d8                	lw	a4,12(a5)
    1788:	479c                	lw	a5,8(a5)
    178a:	ffc90613          	addi	a2,s2,-4
    178e:	00848513          	addi	a0,s1,8
    1792:	c7d8                	sw	a4,12(a5)
    1794:	c71c                	sw	a5,8(a4)
    1796:	4498                	lw	a4,8(s1)
    1798:	44dc                	lw	a5,12(s1)
    179a:	c75c                	sw	a5,12(a4)
    179c:	c798                	sw	a4,8(a5)
    179e:	02400793          	li	a5,36
    17a2:	04c7ea63          	bltu	a5,a2,17f6 <_realloc_r+0x266>
    17a6:	474d                	li	a4,19
    17a8:	00c77c63          	bleu	a2,a4,17c0 <_realloc_r+0x230>
    17ac:	4018                	lw	a4,0(s0)
    17ae:	c498                	sw	a4,8(s1)
    17b0:	4058                	lw	a4,4(s0)
    17b2:	c4d8                	sw	a4,12(s1)
    17b4:	476d                	li	a4,27
    17b6:	00c76d63          	bltu	a4,a2,17d0 <_realloc_r+0x240>
    17ba:	0421                	addi	s0,s0,8
    17bc:	01048513          	addi	a0,s1,16
    17c0:	401c                	lw	a5,0(s0)
    17c2:	c11c                	sw	a5,0(a0)
    17c4:	405c                	lw	a5,4(s0)
    17c6:	c15c                	sw	a5,4(a0)
    17c8:	441c                	lw	a5,8(s0)
    17ca:	c51c                	sw	a5,8(a0)
    17cc:	8ba6                	mv	s7,s1
    17ce:	bd45                	j	167e <_realloc_r+0xee>
    17d0:	4418                	lw	a4,8(s0)
    17d2:	c898                	sw	a4,16(s1)
    17d4:	4458                	lw	a4,12(s0)
    17d6:	c8d8                	sw	a4,20(s1)
    17d8:	00f60663          	beq	a2,a5,17e4 <_realloc_r+0x254>
    17dc:	0441                	addi	s0,s0,16
    17de:	01848513          	addi	a0,s1,24
    17e2:	bff9                	j	17c0 <_realloc_r+0x230>
    17e4:	481c                	lw	a5,16(s0)
    17e6:	02048513          	addi	a0,s1,32
    17ea:	0461                	addi	s0,s0,24
    17ec:	cc9c                	sw	a5,24(s1)
    17ee:	ffc42783          	lw	a5,-4(s0)
    17f2:	ccdc                	sw	a5,28(s1)
    17f4:	b7f1                	j	17c0 <_realloc_r+0x230>
    17f6:	85a2                	mv	a1,s0
    17f8:	3b99                	jal	154e <memmove>
    17fa:	bfc9                	j	17cc <_realloc_r+0x23c>
    17fc:	076a4963          	blt	s4,s6,186e <_realloc_r+0x2de>
    1800:	44dc                	lw	a5,12(s1)
    1802:	4498                	lw	a4,8(s1)
    1804:	ffc90613          	addi	a2,s2,-4
    1808:	00848513          	addi	a0,s1,8
    180c:	c75c                	sw	a5,12(a4)
    180e:	c798                	sw	a4,8(a5)
    1810:	02400793          	li	a5,36
    1814:	04c7ea63          	bltu	a5,a2,1868 <_realloc_r+0x2d8>
    1818:	474d                	li	a4,19
    181a:	00c77c63          	bleu	a2,a4,1832 <_realloc_r+0x2a2>
    181e:	4018                	lw	a4,0(s0)
    1820:	c498                	sw	a4,8(s1)
    1822:	4058                	lw	a4,4(s0)
    1824:	c4d8                	sw	a4,12(s1)
    1826:	476d                	li	a4,27
    1828:	00c76d63          	bltu	a4,a2,1842 <_realloc_r+0x2b2>
    182c:	0421                	addi	s0,s0,8
    182e:	01048513          	addi	a0,s1,16
    1832:	401c                	lw	a5,0(s0)
    1834:	c11c                	sw	a5,0(a0)
    1836:	405c                	lw	a5,4(s0)
    1838:	c15c                	sw	a5,4(a0)
    183a:	441c                	lw	a5,8(s0)
    183c:	c51c                	sw	a5,8(a0)
    183e:	89d2                	mv	s3,s4
    1840:	b771                	j	17cc <_realloc_r+0x23c>
    1842:	4418                	lw	a4,8(s0)
    1844:	c898                	sw	a4,16(s1)
    1846:	4458                	lw	a4,12(s0)
    1848:	c8d8                	sw	a4,20(s1)
    184a:	00f60663          	beq	a2,a5,1856 <_realloc_r+0x2c6>
    184e:	0441                	addi	s0,s0,16
    1850:	01848513          	addi	a0,s1,24
    1854:	bff9                	j	1832 <_realloc_r+0x2a2>
    1856:	481c                	lw	a5,16(s0)
    1858:	02048513          	addi	a0,s1,32
    185c:	0461                	addi	s0,s0,24
    185e:	cc9c                	sw	a5,24(s1)
    1860:	ffc42783          	lw	a5,-4(s0)
    1864:	ccdc                	sw	a5,28(s1)
    1866:	b7f1                	j	1832 <_realloc_r+0x2a2>
    1868:	85a2                	mv	a1,s0
    186a:	31d5                	jal	154e <memmove>
    186c:	bfc9                	j	183e <_realloc_r+0x2ae>
    186e:	8556                	mv	a0,s5
    1870:	f7aff0ef          	jal	ra,fea <_malloc_r>
    1874:	8a2a                	mv	s4,a0
    1876:	ec050ce3          	beqz	a0,174e <_realloc_r+0x1be>
    187a:	ffc42783          	lw	a5,-4(s0)
    187e:	ff850713          	addi	a4,a0,-8
    1882:	9bf9                	andi	a5,a5,-2
    1884:	97de                	add	a5,a5,s7
    1886:	00e79863          	bne	a5,a4,1896 <_realloc_r+0x306>
    188a:	ffc52983          	lw	s3,-4(a0)
    188e:	ffc9f993          	andi	s3,s3,-4
    1892:	99ca                	add	s3,s3,s2
    1894:	b3ed                	j	167e <_realloc_r+0xee>
    1896:	ffc90613          	addi	a2,s2,-4
    189a:	02400793          	li	a5,36
    189e:	06c7e263          	bltu	a5,a2,1902 <_realloc_r+0x372>
    18a2:	474d                	li	a4,19
    18a4:	04c77c63          	bleu	a2,a4,18fc <_realloc_r+0x36c>
    18a8:	4018                	lw	a4,0(s0)
    18aa:	c118                	sw	a4,0(a0)
    18ac:	4058                	lw	a4,4(s0)
    18ae:	c158                	sw	a4,4(a0)
    18b0:	476d                	li	a4,27
    18b2:	02c76163          	bltu	a4,a2,18d4 <_realloc_r+0x344>
    18b6:	00840713          	addi	a4,s0,8
    18ba:	00850793          	addi	a5,a0,8
    18be:	4314                	lw	a3,0(a4)
    18c0:	c394                	sw	a3,0(a5)
    18c2:	4354                	lw	a3,4(a4)
    18c4:	c3d4                	sw	a3,4(a5)
    18c6:	4718                	lw	a4,8(a4)
    18c8:	c798                	sw	a4,8(a5)
    18ca:	85a2                	mv	a1,s0
    18cc:	8556                	mv	a0,s5
    18ce:	9d8ff0ef          	jal	ra,aa6 <_free_r>
    18d2:	bdb5                	j	174e <_realloc_r+0x1be>
    18d4:	4418                	lw	a4,8(s0)
    18d6:	c518                	sw	a4,8(a0)
    18d8:	4458                	lw	a4,12(s0)
    18da:	c558                	sw	a4,12(a0)
    18dc:	00f60763          	beq	a2,a5,18ea <_realloc_r+0x35a>
    18e0:	01040713          	addi	a4,s0,16
    18e4:	01050793          	addi	a5,a0,16
    18e8:	bfd9                	j	18be <_realloc_r+0x32e>
    18ea:	481c                	lw	a5,16(s0)
    18ec:	01840713          	addi	a4,s0,24
    18f0:	c91c                	sw	a5,16(a0)
    18f2:	4854                	lw	a3,20(s0)
    18f4:	01850793          	addi	a5,a0,24
    18f8:	c954                	sw	a3,20(a0)
    18fa:	b7d1                	j	18be <_realloc_r+0x32e>
    18fc:	87aa                	mv	a5,a0
    18fe:	8722                	mv	a4,s0
    1900:	bf7d                	j	18be <_realloc_r+0x32e>
    1902:	85a2                	mv	a1,s0
    1904:	31a9                	jal	154e <memmove>
    1906:	b7d1                	j	18ca <_realloc_r+0x33a>
    1908:	89ca                	mv	s3,s2
    190a:	bb95                	j	167e <_realloc_r+0xee>
    190c:	00e9e9b3          	or	s3,s3,a4
    1910:	013ba223          	sw	s3,4(s7)
    1914:	43d8                	lw	a4,4(a5)
    1916:	00176713          	ori	a4,a4,1
    191a:	c3d8                	sw	a4,4(a5)
    191c:	bb61                	j	16b4 <_realloc_r+0x124>

0000191e <_sbrk_r>:
    191e:	1141                	addi	sp,sp,-16
    1920:	c422                	sw	s0,8(sp)
    1922:	c226                	sw	s1,4(sp)
    1924:	84aa                	mv	s1,a0
    1926:	852e                	mv	a0,a1
    1928:	c606                	sw	ra,12(sp)
    192a:	0601ac23          	sw	zero,120(gp) # 2898 <errno>
    192e:	a71fe0ef          	jal	ra,39e <sbrk>
    1932:	57fd                	li	a5,-1
    1934:	00f51663          	bne	a0,a5,1940 <_sbrk_r+0x22>
    1938:	0781a783          	lw	a5,120(gp) # 2898 <errno>
    193c:	c391                	beqz	a5,1940 <_sbrk_r+0x22>
    193e:	c09c                	sw	a5,0(s1)
    1940:	40b2                	lw	ra,12(sp)
    1942:	4422                	lw	s0,8(sp)
    1944:	4492                	lw	s1,4(sp)
    1946:	0141                	addi	sp,sp,16
    1948:	8082                	ret

0000194a <__sread>:
    194a:	1141                	addi	sp,sp,-16
    194c:	c422                	sw	s0,8(sp)
    194e:	842e                	mv	s0,a1
    1950:	00e59583          	lh	a1,14(a1)
    1954:	c606                	sw	ra,12(sp)
    1956:	2b89                	jal	1ea8 <_read_r>
    1958:	00054963          	bltz	a0,196a <__sread+0x20>
    195c:	483c                	lw	a5,80(s0)
    195e:	97aa                	add	a5,a5,a0
    1960:	c83c                	sw	a5,80(s0)
    1962:	40b2                	lw	ra,12(sp)
    1964:	4422                	lw	s0,8(sp)
    1966:	0141                	addi	sp,sp,16
    1968:	8082                	ret
    196a:	00c45783          	lhu	a5,12(s0)
    196e:	777d                	lui	a4,0xfffff
    1970:	177d                	addi	a4,a4,-1
    1972:	8ff9                	and	a5,a5,a4
    1974:	00f41623          	sh	a5,12(s0)
    1978:	b7ed                	j	1962 <__sread+0x18>

0000197a <__seofread>:
    197a:	4501                	li	a0,0
    197c:	8082                	ret

0000197e <__swrite>:
    197e:	00c5d783          	lhu	a5,12(a1)
    1982:	1101                	addi	sp,sp,-32
    1984:	cc22                	sw	s0,24(sp)
    1986:	ca26                	sw	s1,20(sp)
    1988:	c84a                	sw	s2,16(sp)
    198a:	c64e                	sw	s3,12(sp)
    198c:	ce06                	sw	ra,28(sp)
    198e:	1007f793          	andi	a5,a5,256
    1992:	84aa                	mv	s1,a0
    1994:	842e                	mv	s0,a1
    1996:	8932                	mv	s2,a2
    1998:	89b6                	mv	s3,a3
    199a:	c791                	beqz	a5,19a6 <__swrite+0x28>
    199c:	00e59583          	lh	a1,14(a1)
    19a0:	4689                	li	a3,2
    19a2:	4601                	li	a2,0
    19a4:	2ec9                	jal	1d76 <_lseek_r>
    19a6:	00c45783          	lhu	a5,12(s0)
    19aa:	777d                	lui	a4,0xfffff
    19ac:	177d                	addi	a4,a4,-1
    19ae:	8ff9                	and	a5,a5,a4
    19b0:	00f41623          	sh	a5,12(s0)
    19b4:	00e41583          	lh	a1,14(s0)
    19b8:	4462                	lw	s0,24(sp)
    19ba:	40f2                	lw	ra,28(sp)
    19bc:	86ce                	mv	a3,s3
    19be:	864a                	mv	a2,s2
    19c0:	49b2                	lw	s3,12(sp)
    19c2:	4942                	lw	s2,16(sp)
    19c4:	8526                	mv	a0,s1
    19c6:	44d2                	lw	s1,20(sp)
    19c8:	6105                	addi	sp,sp,32
    19ca:	a83d                	j	1a08 <_write_r>

000019cc <__sseek>:
    19cc:	1141                	addi	sp,sp,-16
    19ce:	c422                	sw	s0,8(sp)
    19d0:	842e                	mv	s0,a1
    19d2:	00e59583          	lh	a1,14(a1)
    19d6:	c606                	sw	ra,12(sp)
    19d8:	2e79                	jal	1d76 <_lseek_r>
    19da:	57fd                	li	a5,-1
    19dc:	00c45703          	lhu	a4,12(s0)
    19e0:	00f51b63          	bne	a0,a5,19f6 <__sseek+0x2a>
    19e4:	77fd                	lui	a5,0xfffff
    19e6:	17fd                	addi	a5,a5,-1
    19e8:	8ff9                	and	a5,a5,a4
    19ea:	00f41623          	sh	a5,12(s0)
    19ee:	40b2                	lw	ra,12(sp)
    19f0:	4422                	lw	s0,8(sp)
    19f2:	0141                	addi	sp,sp,16
    19f4:	8082                	ret
    19f6:	6785                	lui	a5,0x1
    19f8:	8fd9                	or	a5,a5,a4
    19fa:	00f41623          	sh	a5,12(s0)
    19fe:	c828                	sw	a0,80(s0)
    1a00:	b7fd                	j	19ee <__sseek+0x22>

00001a02 <__sclose>:
    1a02:	00e59583          	lh	a1,14(a1)
    1a06:	a229                	j	1b10 <_close_r>

00001a08 <_write_r>:
    1a08:	1141                	addi	sp,sp,-16
    1a0a:	c422                	sw	s0,8(sp)
    1a0c:	c226                	sw	s1,4(sp)
    1a0e:	84aa                	mv	s1,a0
    1a10:	852e                	mv	a0,a1
    1a12:	85b2                	mv	a1,a2
    1a14:	8636                	mv	a2,a3
    1a16:	c606                	sw	ra,12(sp)
    1a18:	0601ac23          	sw	zero,120(gp) # 2898 <errno>
    1a1c:	951fe0ef          	jal	ra,36c <write>
    1a20:	57fd                	li	a5,-1
    1a22:	00f51663          	bne	a0,a5,1a2e <_write_r+0x26>
    1a26:	0781a783          	lw	a5,120(gp) # 2898 <errno>
    1a2a:	c391                	beqz	a5,1a2e <_write_r+0x26>
    1a2c:	c09c                	sw	a5,0(s1)
    1a2e:	40b2                	lw	ra,12(sp)
    1a30:	4422                	lw	s0,8(sp)
    1a32:	4492                	lw	s1,4(sp)
    1a34:	0141                	addi	sp,sp,16
    1a36:	8082                	ret

00001a38 <__swsetup_r>:
    1a38:	1141                	addi	sp,sp,-16
    1a3a:	c226                	sw	s1,4(sp)
    1a3c:	84aa                	mv	s1,a0
    1a3e:	0381a503          	lw	a0,56(gp) # 2858 <_impure_ptr>
    1a42:	c422                	sw	s0,8(sp)
    1a44:	c606                	sw	ra,12(sp)
    1a46:	842e                	mv	s0,a1
    1a48:	c509                	beqz	a0,1a52 <__swsetup_r+0x1a>
    1a4a:	5d1c                	lw	a5,56(a0)
    1a4c:	e399                	bnez	a5,1a52 <__swsetup_r+0x1a>
    1a4e:	e97fe0ef          	jal	ra,8e4 <__sinit>
    1a52:	00c41703          	lh	a4,12(s0)
    1a56:	01071793          	slli	a5,a4,0x10
    1a5a:	83c1                	srli	a5,a5,0x10
    1a5c:	0087f693          	andi	a3,a5,8
    1a60:	eea9                	bnez	a3,1aba <__swsetup_r+0x82>
    1a62:	0107f693          	andi	a3,a5,16
    1a66:	ee89                	bnez	a3,1a80 <__swsetup_r+0x48>
    1a68:	47a5                	li	a5,9
    1a6a:	c09c                	sw	a5,0(s1)
    1a6c:	04076713          	ori	a4,a4,64
    1a70:	00e41623          	sh	a4,12(s0)
    1a74:	557d                	li	a0,-1
    1a76:	40b2                	lw	ra,12(sp)
    1a78:	4422                	lw	s0,8(sp)
    1a7a:	4492                	lw	s1,4(sp)
    1a7c:	0141                	addi	sp,sp,16
    1a7e:	8082                	ret
    1a80:	8b91                	andi	a5,a5,4
    1a82:	c795                	beqz	a5,1aae <__swsetup_r+0x76>
    1a84:	580c                	lw	a1,48(s0)
    1a86:	c991                	beqz	a1,1a9a <__swsetup_r+0x62>
    1a88:	04040793          	addi	a5,s0,64
    1a8c:	00f58563          	beq	a1,a5,1a96 <__swsetup_r+0x5e>
    1a90:	8526                	mv	a0,s1
    1a92:	814ff0ef          	jal	ra,aa6 <_free_r>
    1a96:	02042823          	sw	zero,48(s0)
    1a9a:	00c45783          	lhu	a5,12(s0)
    1a9e:	00042223          	sw	zero,4(s0)
    1aa2:	fdb7f793          	andi	a5,a5,-37
    1aa6:	00f41623          	sh	a5,12(s0)
    1aaa:	481c                	lw	a5,16(s0)
    1aac:	c01c                	sw	a5,0(s0)
    1aae:	00c45783          	lhu	a5,12(s0)
    1ab2:	0087e793          	ori	a5,a5,8
    1ab6:	00f41623          	sh	a5,12(s0)
    1aba:	481c                	lw	a5,16(s0)
    1abc:	ef81                	bnez	a5,1ad4 <__swsetup_r+0x9c>
    1abe:	00c45783          	lhu	a5,12(s0)
    1ac2:	20000713          	li	a4,512
    1ac6:	2807f793          	andi	a5,a5,640
    1aca:	00e78563          	beq	a5,a4,1ad4 <__swsetup_r+0x9c>
    1ace:	85a2                	mv	a1,s0
    1ad0:	8526                	mv	a0,s1
    1ad2:	2e25                	jal	1e0a <__smakebuf_r>
    1ad4:	00c45783          	lhu	a5,12(s0)
    1ad8:	0017f713          	andi	a4,a5,1
    1adc:	c705                	beqz	a4,1b04 <__swsetup_r+0xcc>
    1ade:	485c                	lw	a5,20(s0)
    1ae0:	00042423          	sw	zero,8(s0)
    1ae4:	40f007b3          	neg	a5,a5
    1ae8:	cc1c                	sw	a5,24(s0)
    1aea:	481c                	lw	a5,16(s0)
    1aec:	4501                	li	a0,0
    1aee:	f7c1                	bnez	a5,1a76 <__swsetup_r+0x3e>
    1af0:	00c41783          	lh	a5,12(s0)
    1af4:	0807f713          	andi	a4,a5,128
    1af8:	df3d                	beqz	a4,1a76 <__swsetup_r+0x3e>
    1afa:	0407e793          	ori	a5,a5,64
    1afe:	00f41623          	sh	a5,12(s0)
    1b02:	bf8d                	j	1a74 <__swsetup_r+0x3c>
    1b04:	8b89                	andi	a5,a5,2
    1b06:	4701                	li	a4,0
    1b08:	e391                	bnez	a5,1b0c <__swsetup_r+0xd4>
    1b0a:	4858                	lw	a4,20(s0)
    1b0c:	c418                	sw	a4,8(s0)
    1b0e:	bff1                	j	1aea <__swsetup_r+0xb2>

00001b10 <_close_r>:
    1b10:	1141                	addi	sp,sp,-16
    1b12:	c422                	sw	s0,8(sp)
    1b14:	c226                	sw	s1,4(sp)
    1b16:	84aa                	mv	s1,a0
    1b18:	852e                	mv	a0,a1
    1b1a:	c606                	sw	ra,12(sp)
    1b1c:	0601ac23          	sw	zero,120(gp) # 2898 <errno>
    1b20:	f70fe0ef          	jal	ra,290 <close>
    1b24:	57fd                	li	a5,-1
    1b26:	00f51663          	bne	a0,a5,1b32 <_close_r+0x22>
    1b2a:	0781a783          	lw	a5,120(gp) # 2898 <errno>
    1b2e:	c391                	beqz	a5,1b32 <_close_r+0x22>
    1b30:	c09c                	sw	a5,0(s1)
    1b32:	40b2                	lw	ra,12(sp)
    1b34:	4422                	lw	s0,8(sp)
    1b36:	4492                	lw	s1,4(sp)
    1b38:	0141                	addi	sp,sp,16
    1b3a:	8082                	ret

00001b3c <_fclose_r>:
    1b3c:	1141                	addi	sp,sp,-16
    1b3e:	c606                	sw	ra,12(sp)
    1b40:	c422                	sw	s0,8(sp)
    1b42:	c226                	sw	s1,4(sp)
    1b44:	c04a                	sw	s2,0(sp)
    1b46:	e989                	bnez	a1,1b58 <_fclose_r+0x1c>
    1b48:	4901                	li	s2,0
    1b4a:	40b2                	lw	ra,12(sp)
    1b4c:	4422                	lw	s0,8(sp)
    1b4e:	854a                	mv	a0,s2
    1b50:	4492                	lw	s1,4(sp)
    1b52:	4902                	lw	s2,0(sp)
    1b54:	0141                	addi	sp,sp,16
    1b56:	8082                	ret
    1b58:	84aa                	mv	s1,a0
    1b5a:	842e                	mv	s0,a1
    1b5c:	c509                	beqz	a0,1b66 <_fclose_r+0x2a>
    1b5e:	5d1c                	lw	a5,56(a0)
    1b60:	e399                	bnez	a5,1b66 <_fclose_r+0x2a>
    1b62:	d83fe0ef          	jal	ra,8e4 <__sinit>
    1b66:	00c41783          	lh	a5,12(s0)
    1b6a:	dff9                	beqz	a5,1b48 <_fclose_r+0xc>
    1b6c:	85a2                	mv	a1,s0
    1b6e:	8526                	mv	a0,s1
    1b70:	2085                	jal	1bd0 <__sflush_r>
    1b72:	545c                	lw	a5,44(s0)
    1b74:	892a                	mv	s2,a0
    1b76:	c799                	beqz	a5,1b84 <_fclose_r+0x48>
    1b78:	4c4c                	lw	a1,28(s0)
    1b7a:	8526                	mv	a0,s1
    1b7c:	9782                	jalr	a5
    1b7e:	00055363          	bgez	a0,1b84 <_fclose_r+0x48>
    1b82:	597d                	li	s2,-1
    1b84:	00c45783          	lhu	a5,12(s0)
    1b88:	0807f793          	andi	a5,a5,128
    1b8c:	c789                	beqz	a5,1b96 <_fclose_r+0x5a>
    1b8e:	480c                	lw	a1,16(s0)
    1b90:	8526                	mv	a0,s1
    1b92:	f15fe0ef          	jal	ra,aa6 <_free_r>
    1b96:	580c                	lw	a1,48(s0)
    1b98:	c991                	beqz	a1,1bac <_fclose_r+0x70>
    1b9a:	04040793          	addi	a5,s0,64
    1b9e:	00f58563          	beq	a1,a5,1ba8 <_fclose_r+0x6c>
    1ba2:	8526                	mv	a0,s1
    1ba4:	f03fe0ef          	jal	ra,aa6 <_free_r>
    1ba8:	02042823          	sw	zero,48(s0)
    1bac:	406c                	lw	a1,68(s0)
    1bae:	c591                	beqz	a1,1bba <_fclose_r+0x7e>
    1bb0:	8526                	mv	a0,s1
    1bb2:	ef5fe0ef          	jal	ra,aa6 <_free_r>
    1bb6:	04042223          	sw	zero,68(s0)
    1bba:	e11fe0ef          	jal	ra,9ca <__sfp_lock_acquire>
    1bbe:	00041623          	sh	zero,12(s0)
    1bc2:	e0bfe0ef          	jal	ra,9cc <__sfp_lock_release>
    1bc6:	b751                	j	1b4a <_fclose_r+0xe>

00001bc8 <fclose>:
    1bc8:	85aa                	mv	a1,a0
    1bca:	0381a503          	lw	a0,56(gp) # 2858 <_impure_ptr>
    1bce:	b7bd                	j	1b3c <_fclose_r>

00001bd0 <__sflush_r>:
    1bd0:	00c59783          	lh	a5,12(a1)
    1bd4:	1101                	addi	sp,sp,-32
    1bd6:	cc22                	sw	s0,24(sp)
    1bd8:	01079713          	slli	a4,a5,0x10
    1bdc:	8341                	srli	a4,a4,0x10
    1bde:	ca26                	sw	s1,20(sp)
    1be0:	ce06                	sw	ra,28(sp)
    1be2:	c84a                	sw	s2,16(sp)
    1be4:	c64e                	sw	s3,12(sp)
    1be6:	00877693          	andi	a3,a4,8
    1bea:	84aa                	mv	s1,a0
    1bec:	842e                	mv	s0,a1
    1bee:	eeed                	bnez	a3,1ce8 <__sflush_r+0x118>
    1bf0:	6705                	lui	a4,0x1
    1bf2:	80070713          	addi	a4,a4,-2048 # 800 <__call_exitprocs+0x8e>
    1bf6:	8fd9                	or	a5,a5,a4
    1bf8:	41d8                	lw	a4,4(a1)
    1bfa:	00f59623          	sh	a5,12(a1)
    1bfe:	00e04d63          	bgtz	a4,1c18 <__sflush_r+0x48>
    1c02:	5dd8                	lw	a4,60(a1)
    1c04:	00e04a63          	bgtz	a4,1c18 <__sflush_r+0x48>
    1c08:	4501                	li	a0,0
    1c0a:	40f2                	lw	ra,28(sp)
    1c0c:	4462                	lw	s0,24(sp)
    1c0e:	44d2                	lw	s1,20(sp)
    1c10:	4942                	lw	s2,16(sp)
    1c12:	49b2                	lw	s3,12(sp)
    1c14:	6105                	addi	sp,sp,32
    1c16:	8082                	ret
    1c18:	5418                	lw	a4,40(s0)
    1c1a:	d77d                	beqz	a4,1c08 <__sflush_r+0x38>
    1c1c:	0004a903          	lw	s2,0(s1)
    1c20:	01379693          	slli	a3,a5,0x13
    1c24:	0004a023          	sw	zero,0(s1)
    1c28:	4c4c                	lw	a1,28(s0)
    1c2a:	0806d663          	bgez	a3,1cb6 <__sflush_r+0xe6>
    1c2e:	4830                	lw	a2,80(s0)
    1c30:	00c45783          	lhu	a5,12(s0)
    1c34:	8b91                	andi	a5,a5,4
    1c36:	c799                	beqz	a5,1c44 <__sflush_r+0x74>
    1c38:	405c                	lw	a5,4(s0)
    1c3a:	8e1d                	sub	a2,a2,a5
    1c3c:	581c                	lw	a5,48(s0)
    1c3e:	c399                	beqz	a5,1c44 <__sflush_r+0x74>
    1c40:	5c5c                	lw	a5,60(s0)
    1c42:	8e1d                	sub	a2,a2,a5
    1c44:	541c                	lw	a5,40(s0)
    1c46:	4c4c                	lw	a1,28(s0)
    1c48:	4681                	li	a3,0
    1c4a:	8526                	mv	a0,s1
    1c4c:	9782                	jalr	a5
    1c4e:	57fd                	li	a5,-1
    1c50:	00c45683          	lhu	a3,12(s0)
    1c54:	00f51d63          	bne	a0,a5,1c6e <__sflush_r+0x9e>
    1c58:	409c                	lw	a5,0(s1)
    1c5a:	4775                	li	a4,29
    1c5c:	08f76063          	bltu	a4,a5,1cdc <__sflush_r+0x10c>
    1c60:	20400737          	lui	a4,0x20400
    1c64:	0705                	addi	a4,a4,1
    1c66:	00f75733          	srl	a4,a4,a5
    1c6a:	8b05                	andi	a4,a4,1
    1c6c:	cb25                	beqz	a4,1cdc <__sflush_r+0x10c>
    1c6e:	77fd                	lui	a5,0xfffff
    1c70:	7ff78793          	addi	a5,a5,2047 # fffff7ff <pulp__FC+0xfffff800>
    1c74:	4818                	lw	a4,16(s0)
    1c76:	8ff5                	and	a5,a5,a3
    1c78:	07c2                	slli	a5,a5,0x10
    1c7a:	87c1                	srai	a5,a5,0x10
    1c7c:	c018                	sw	a4,0(s0)
    1c7e:	00f41623          	sh	a5,12(s0)
    1c82:	00042223          	sw	zero,4(s0)
    1c86:	01379713          	slli	a4,a5,0x13
    1c8a:	00075863          	bgez	a4,1c9a <__sflush_r+0xca>
    1c8e:	57fd                	li	a5,-1
    1c90:	00f51463          	bne	a0,a5,1c98 <__sflush_r+0xc8>
    1c94:	409c                	lw	a5,0(s1)
    1c96:	e391                	bnez	a5,1c9a <__sflush_r+0xca>
    1c98:	c828                	sw	a0,80(s0)
    1c9a:	580c                	lw	a1,48(s0)
    1c9c:	0124a023          	sw	s2,0(s1)
    1ca0:	d5a5                	beqz	a1,1c08 <__sflush_r+0x38>
    1ca2:	04040793          	addi	a5,s0,64
    1ca6:	00f58563          	beq	a1,a5,1cb0 <__sflush_r+0xe0>
    1caa:	8526                	mv	a0,s1
    1cac:	dfbfe0ef          	jal	ra,aa6 <_free_r>
    1cb0:	02042823          	sw	zero,48(s0)
    1cb4:	bf91                	j	1c08 <__sflush_r+0x38>
    1cb6:	4601                	li	a2,0
    1cb8:	4685                	li	a3,1
    1cba:	8526                	mv	a0,s1
    1cbc:	9702                	jalr	a4
    1cbe:	57fd                	li	a5,-1
    1cc0:	862a                	mv	a2,a0
    1cc2:	f6f517e3          	bne	a0,a5,1c30 <__sflush_r+0x60>
    1cc6:	409c                	lw	a5,0(s1)
    1cc8:	d7a5                	beqz	a5,1c30 <__sflush_r+0x60>
    1cca:	4775                	li	a4,29
    1ccc:	00e78563          	beq	a5,a4,1cd6 <__sflush_r+0x106>
    1cd0:	4759                	li	a4,22
    1cd2:	04e79463          	bne	a5,a4,1d1a <__sflush_r+0x14a>
    1cd6:	0124a023          	sw	s2,0(s1)
    1cda:	b73d                	j	1c08 <__sflush_r+0x38>
    1cdc:	0406e793          	ori	a5,a3,64
    1ce0:	00f41623          	sh	a5,12(s0)
    1ce4:	557d                	li	a0,-1
    1ce6:	b715                	j	1c0a <__sflush_r+0x3a>
    1ce8:	0105a983          	lw	s3,16(a1)
    1cec:	f0098ee3          	beqz	s3,1c08 <__sflush_r+0x38>
    1cf0:	0005a903          	lw	s2,0(a1)
    1cf4:	8b0d                	andi	a4,a4,3
    1cf6:	0135a023          	sw	s3,0(a1)
    1cfa:	41390933          	sub	s2,s2,s3
    1cfe:	4781                	li	a5,0
    1d00:	e311                	bnez	a4,1d04 <__sflush_r+0x134>
    1d02:	49dc                	lw	a5,20(a1)
    1d04:	c41c                	sw	a5,8(s0)
    1d06:	f12051e3          	blez	s2,1c08 <__sflush_r+0x38>
    1d0a:	505c                	lw	a5,36(s0)
    1d0c:	4c4c                	lw	a1,28(s0)
    1d0e:	86ca                	mv	a3,s2
    1d10:	864e                	mv	a2,s3
    1d12:	8526                	mv	a0,s1
    1d14:	9782                	jalr	a5
    1d16:	00a04763          	bgtz	a0,1d24 <__sflush_r+0x154>
    1d1a:	00c45783          	lhu	a5,12(s0)
    1d1e:	0407e793          	ori	a5,a5,64
    1d22:	bf7d                	j	1ce0 <__sflush_r+0x110>
    1d24:	99aa                	add	s3,s3,a0
    1d26:	40a90933          	sub	s2,s2,a0
    1d2a:	bff1                	j	1d06 <__sflush_r+0x136>

00001d2c <_fflush_r>:
    1d2c:	1101                	addi	sp,sp,-32
    1d2e:	cc22                	sw	s0,24(sp)
    1d30:	ce06                	sw	ra,28(sp)
    1d32:	842a                	mv	s0,a0
    1d34:	c519                	beqz	a0,1d42 <_fflush_r+0x16>
    1d36:	5d1c                	lw	a5,56(a0)
    1d38:	e789                	bnez	a5,1d42 <_fflush_r+0x16>
    1d3a:	c62e                	sw	a1,12(sp)
    1d3c:	ba9fe0ef          	jal	ra,8e4 <__sinit>
    1d40:	45b2                	lw	a1,12(sp)
    1d42:	00c59783          	lh	a5,12(a1)
    1d46:	c791                	beqz	a5,1d52 <_fflush_r+0x26>
    1d48:	8522                	mv	a0,s0
    1d4a:	4462                	lw	s0,24(sp)
    1d4c:	40f2                	lw	ra,28(sp)
    1d4e:	6105                	addi	sp,sp,32
    1d50:	b541                	j	1bd0 <__sflush_r>
    1d52:	40f2                	lw	ra,28(sp)
    1d54:	4462                	lw	s0,24(sp)
    1d56:	4501                	li	a0,0
    1d58:	6105                	addi	sp,sp,32
    1d5a:	8082                	ret

00001d5c <fflush>:
    1d5c:	85aa                	mv	a1,a0
    1d5e:	e909                	bnez	a0,1d70 <fflush+0x14>
    1d60:	0341a503          	lw	a0,52(gp) # 2854 <_global_impure_ptr>
    1d64:	000025b7          	lui	a1,0x2
    1d68:	d2c58593          	addi	a1,a1,-724 # 1d2c <_fflush_r>
    1d6c:	a12ff06f          	j	f7e <_fwalk_reent>
    1d70:	0381a503          	lw	a0,56(gp) # 2858 <_impure_ptr>
    1d74:	bf65                	j	1d2c <_fflush_r>

00001d76 <_lseek_r>:
    1d76:	1141                	addi	sp,sp,-16
    1d78:	c422                	sw	s0,8(sp)
    1d7a:	c226                	sw	s1,4(sp)
    1d7c:	84aa                	mv	s1,a0
    1d7e:	852e                	mv	a0,a1
    1d80:	85b2                	mv	a1,a2
    1d82:	8636                	mv	a2,a3
    1d84:	c606                	sw	ra,12(sp)
    1d86:	0601ac23          	sw	zero,120(gp) # 2898 <errno>
    1d8a:	d8efe0ef          	jal	ra,318 <lseek>
    1d8e:	57fd                	li	a5,-1
    1d90:	00f51663          	bne	a0,a5,1d9c <_lseek_r+0x26>
    1d94:	0781a783          	lw	a5,120(gp) # 2898 <errno>
    1d98:	c391                	beqz	a5,1d9c <_lseek_r+0x26>
    1d9a:	c09c                	sw	a5,0(s1)
    1d9c:	40b2                	lw	ra,12(sp)
    1d9e:	4422                	lw	s0,8(sp)
    1da0:	4492                	lw	s1,4(sp)
    1da2:	0141                	addi	sp,sp,16
    1da4:	8082                	ret

00001da6 <__swhatbuf_r>:
    1da6:	711d                	addi	sp,sp,-96
    1da8:	caa6                	sw	s1,84(sp)
    1daa:	84ae                	mv	s1,a1
    1dac:	00e59583          	lh	a1,14(a1)
    1db0:	cca2                	sw	s0,88(sp)
    1db2:	ce86                	sw	ra,92(sp)
    1db4:	8432                	mv	s0,a2
    1db6:	0005dc63          	bgez	a1,1dce <__swhatbuf_r+0x28>
    1dba:	00c4d783          	lhu	a5,12(s1)
    1dbe:	0006a023          	sw	zero,0(a3)
    1dc2:	0807f793          	andi	a5,a5,128
    1dc6:	eb8d                	bnez	a5,1df8 <__swhatbuf_r+0x52>
    1dc8:	40000793          	li	a5,1024
    1dcc:	a805                	j	1dfc <__swhatbuf_r+0x56>
    1dce:	0850                	addi	a2,sp,20
    1dd0:	c636                	sw	a3,12(sp)
    1dd2:	2219                	jal	1ed8 <_fstat_r>
    1dd4:	46b2                	lw	a3,12(sp)
    1dd6:	fe0542e3          	bltz	a0,1dba <__swhatbuf_r+0x14>
    1dda:	4762                	lw	a4,24(sp)
    1ddc:	67bd                	lui	a5,0xf
    1dde:	6505                	lui	a0,0x1
    1de0:	8ff9                	and	a5,a5,a4
    1de2:	7779                	lui	a4,0xffffe
    1de4:	97ba                	add	a5,a5,a4
    1de6:	0017b793          	seqz	a5,a5
    1dea:	c29c                	sw	a5,0(a3)
    1dec:	40000793          	li	a5,1024
    1df0:	c01c                	sw	a5,0(s0)
    1df2:	80050513          	addi	a0,a0,-2048 # 800 <__call_exitprocs+0x8e>
    1df6:	a029                	j	1e00 <__swhatbuf_r+0x5a>
    1df8:	04000793          	li	a5,64
    1dfc:	c01c                	sw	a5,0(s0)
    1dfe:	4501                	li	a0,0
    1e00:	40f6                	lw	ra,92(sp)
    1e02:	4466                	lw	s0,88(sp)
    1e04:	44d6                	lw	s1,84(sp)
    1e06:	6125                	addi	sp,sp,96
    1e08:	8082                	ret

00001e0a <__smakebuf_r>:
    1e0a:	00c5d783          	lhu	a5,12(a1)
    1e0e:	1101                	addi	sp,sp,-32
    1e10:	cc22                	sw	s0,24(sp)
    1e12:	ce06                	sw	ra,28(sp)
    1e14:	ca26                	sw	s1,20(sp)
    1e16:	c84a                	sw	s2,16(sp)
    1e18:	8b89                	andi	a5,a5,2
    1e1a:	842e                	mv	s0,a1
    1e1c:	cf89                	beqz	a5,1e36 <__smakebuf_r+0x2c>
    1e1e:	04340793          	addi	a5,s0,67
    1e22:	c01c                	sw	a5,0(s0)
    1e24:	c81c                	sw	a5,16(s0)
    1e26:	4785                	li	a5,1
    1e28:	c85c                	sw	a5,20(s0)
    1e2a:	40f2                	lw	ra,28(sp)
    1e2c:	4462                	lw	s0,24(sp)
    1e2e:	44d2                	lw	s1,20(sp)
    1e30:	4942                	lw	s2,16(sp)
    1e32:	6105                	addi	sp,sp,32
    1e34:	8082                	ret
    1e36:	0074                	addi	a3,sp,12
    1e38:	0030                	addi	a2,sp,8
    1e3a:	84aa                	mv	s1,a0
    1e3c:	37ad                	jal	1da6 <__swhatbuf_r>
    1e3e:	45a2                	lw	a1,8(sp)
    1e40:	892a                	mv	s2,a0
    1e42:	8526                	mv	a0,s1
    1e44:	9a6ff0ef          	jal	ra,fea <_malloc_r>
    1e48:	ed01                	bnez	a0,1e60 <__smakebuf_r+0x56>
    1e4a:	00c41783          	lh	a5,12(s0)
    1e4e:	2007f713          	andi	a4,a5,512
    1e52:	ff61                	bnez	a4,1e2a <__smakebuf_r+0x20>
    1e54:	9bf1                	andi	a5,a5,-4
    1e56:	0027e793          	ori	a5,a5,2
    1e5a:	00f41623          	sh	a5,12(s0)
    1e5e:	b7c1                	j	1e1e <__smakebuf_r+0x14>
    1e60:	000017b7          	lui	a5,0x1
    1e64:	82078793          	addi	a5,a5,-2016 # 820 <_cleanup_r>
    1e68:	dcdc                	sw	a5,60(s1)
    1e6a:	00c45783          	lhu	a5,12(s0)
    1e6e:	c008                	sw	a0,0(s0)
    1e70:	c808                	sw	a0,16(s0)
    1e72:	0807e793          	ori	a5,a5,128
    1e76:	00f41623          	sh	a5,12(s0)
    1e7a:	47a2                	lw	a5,8(sp)
    1e7c:	c85c                	sw	a5,20(s0)
    1e7e:	47b2                	lw	a5,12(sp)
    1e80:	cf89                	beqz	a5,1e9a <__smakebuf_r+0x90>
    1e82:	00e41583          	lh	a1,14(s0)
    1e86:	8526                	mv	a0,s1
    1e88:	28bd                	jal	1f06 <_isatty_r>
    1e8a:	c901                	beqz	a0,1e9a <__smakebuf_r+0x90>
    1e8c:	00c45783          	lhu	a5,12(s0)
    1e90:	9bf1                	andi	a5,a5,-4
    1e92:	0017e793          	ori	a5,a5,1
    1e96:	00f41623          	sh	a5,12(s0)
    1e9a:	00c45783          	lhu	a5,12(s0)
    1e9e:	00f96933          	or	s2,s2,a5
    1ea2:	01241623          	sh	s2,12(s0)
    1ea6:	b751                	j	1e2a <__smakebuf_r+0x20>

00001ea8 <_read_r>:
    1ea8:	1141                	addi	sp,sp,-16
    1eaa:	c422                	sw	s0,8(sp)
    1eac:	c226                	sw	s1,4(sp)
    1eae:	84aa                	mv	s1,a0
    1eb0:	852e                	mv	a0,a1
    1eb2:	85b2                	mv	a1,a2
    1eb4:	8636                	mv	a2,a3
    1eb6:	c606                	sw	ra,12(sp)
    1eb8:	0601ac23          	sw	zero,120(gp) # 2898 <errno>
    1ebc:	c7cfe0ef          	jal	ra,338 <read>
    1ec0:	57fd                	li	a5,-1
    1ec2:	00f51663          	bne	a0,a5,1ece <_read_r+0x26>
    1ec6:	0781a783          	lw	a5,120(gp) # 2898 <errno>
    1eca:	c391                	beqz	a5,1ece <_read_r+0x26>
    1ecc:	c09c                	sw	a5,0(s1)
    1ece:	40b2                	lw	ra,12(sp)
    1ed0:	4422                	lw	s0,8(sp)
    1ed2:	4492                	lw	s1,4(sp)
    1ed4:	0141                	addi	sp,sp,16
    1ed6:	8082                	ret

00001ed8 <_fstat_r>:
    1ed8:	1141                	addi	sp,sp,-16
    1eda:	c422                	sw	s0,8(sp)
    1edc:	c226                	sw	s1,4(sp)
    1ede:	84aa                	mv	s1,a0
    1ee0:	852e                	mv	a0,a1
    1ee2:	85b2                	mv	a1,a2
    1ee4:	c606                	sw	ra,12(sp)
    1ee6:	0601ac23          	sw	zero,120(gp) # 2898 <errno>
    1eea:	bd6fe0ef          	jal	ra,2c0 <fstat>
    1eee:	57fd                	li	a5,-1
    1ef0:	00f51663          	bne	a0,a5,1efc <_fstat_r+0x24>
    1ef4:	0781a783          	lw	a5,120(gp) # 2898 <errno>
    1ef8:	c391                	beqz	a5,1efc <_fstat_r+0x24>
    1efa:	c09c                	sw	a5,0(s1)
    1efc:	40b2                	lw	ra,12(sp)
    1efe:	4422                	lw	s0,8(sp)
    1f00:	4492                	lw	s1,4(sp)
    1f02:	0141                	addi	sp,sp,16
    1f04:	8082                	ret

00001f06 <_isatty_r>:
    1f06:	1141                	addi	sp,sp,-16
    1f08:	c422                	sw	s0,8(sp)
    1f0a:	c226                	sw	s1,4(sp)
    1f0c:	84aa                	mv	s1,a0
    1f0e:	852e                	mv	a0,a1
    1f10:	c606                	sw	ra,12(sp)
    1f12:	0601ac23          	sw	zero,120(gp) # 2898 <errno>
    1f16:	be6fe0ef          	jal	ra,2fc <isatty>
    1f1a:	57fd                	li	a5,-1
    1f1c:	00f51663          	bne	a0,a5,1f28 <_isatty_r+0x22>
    1f20:	0781a783          	lw	a5,120(gp) # 2898 <errno>
    1f24:	c391                	beqz	a5,1f28 <_isatty_r+0x22>
    1f26:	c09c                	sw	a5,0(s1)
    1f28:	40b2                	lw	ra,12(sp)
    1f2a:	4422                	lw	s0,8(sp)
    1f2c:	4492                	lw	s1,4(sp)
    1f2e:	0141                	addi	sp,sp,16
    1f30:	8082                	ret
